player_id,player_name,team_id,team_name,position,href,source_files
1526225,Aaron Malouda,951893,Sabah FK,Forward,https://www.fotmob.com/en-GB/players/1526225/aaron-malouda,Sabah_FK_Squad.json
760320,Aaron Wan-Bissaka,10252,Aston Villa,Defender,https://www.fotmob.com/en-GB/players/760320/aaron-wan-bissaka,Aston_Villa_Squad.json
1189856,Abdallah Sima,8588,Lens,Midfielder,https://www.fotmob.com/en-GB/players/1189856/abdallah-sima,Lens_Squad.json
1209399,Abdessamad Ezzalzouli,8603,Real Betis,Forward,https://www.fotmob.com/en-GB/players/1209399/abdessamad-ezzalzouli,Real_Betis_Squad.json
1797492,Abdou Fall,8695,Fenerbahce,Midfielder,https://www.fotmob.com/en-GB/players/1797492/abdou-aziz-fall,Fenerbahce_Squad.json
1643776,Abdoul Koné,178475,RB Leipzig,Defender,https://www.fotmob.com/en-GB/players/1643776/abdoul-kone,RB_Leipzig_Squad.json
1362998,Abdukodir Khusanov,8456,Manchester City,Defender,https://www.fotmob.com/en-GB/players/1362998/abdukodir-khusanov,Manchester_City_Squad.json
1351085,Abdulakh Khaybulaev,951893,Sabah FK,Midfielder,https://www.fotmob.com/en-GB/players/1351085/abdulakh-khaybulaev,Sabah_FK_Squad.json
291399,Abdülkerim Bardakci,8637,Galatasaray,Defender,https://www.fotmob.com/en-GB/players/291399/abdulkerim-bardakci,Galatasaray_Squad.json
725695,Aboubakary Koïta,8563,AEK Athens,Forward,https://www.fotmob.com/en-GB/players/725695/aboubakary-koita,AEK_Athens_Squad.json
770881,Achraf Hakimi,9847,Paris Saint-Germain,Defender,https://www.fotmob.com/en-GB/players/770881/achraf-hakimi,Paris_Saint_Germain_Squad.json
1783494,Ada Yüzgec,8637,Galatasaray,Forward,https://www.fotmob.com/en-GB/players/1783494/ada-yuzgec,Galatasaray_Squad.json
2141204,Adam Asfour,10171,Como,Defender,https://www.fotmob.com/en-GB/players/2141204/adam-asfour,Como_Squad.json
1174724,Adam Griger,6019,Slovan Bratislava,Forward,https://www.fotmob.com/en-GB/players/1174724/adam-griger,Slovan_Bratislava_Squad.json
1237425,Adamo Nagalo,8640,PSV Eindhoven,Defender,https://www.fotmob.com/en-GB/players/1237425/adamo-nagalo,PSV_Eindhoven_Squad.json
2093040,Adem Yesilyurt,8695,Fenerbahce,Forward,https://www.fotmob.com/en-GB/players/2093040/adem-yesilyurt,Fenerbahce_Squad.json
690516,Ademola Lookman,9906,Atletico Madrid,Forward,https://www.fotmob.com/en-GB/players/690516/ademola-lookman,Atletico_Madrid_Squad.json
1337091,Aden McCarthy,951893,Sabah FK,Defender,https://www.fotmob.com/en-GB/players/1337091/aden-mccarthy,Sabah_FK_Squad.json
1893761,Adonija Ouanda,7787,Slavia Prague,Forward,https://www.fotmob.com/en-GB/players/1893761/adonija-ouanda,Slavia_Prague_Squad.json
1615459,Adrian Lahdo,10171,Como,Forward,https://www.fotmob.com/en-GB/players/1615459/adrian-lahdo,Como_Squad.json
90008563,AEK Athens Keepers,8563,AEK Athens,Goalkeeper,https://www.fotmob.com/en-GB/teams/8563/squad/aek-athens,AEK_Athens_Squad.json
676533,Aitor Ruibal,8603,Real Betis,Defender,https://www.fotmob.com/en-GB/players/676533/aitor-ruibal,Real_Betis_Squad.json
542777,Akim Zedadka,951893,Sabah FK,Defender,https://www.fotmob.com/en-GB/players/542777/akim-zedadka,Sabah_FK_Squad.json
1173774,Alaa Ghram,9728,Shakhtar Donetsk,Defender,https://www.fotmob.com/en-GB/players/1173774/alaa-ghram,Shakhtar_Donetsk_Squad.json
1186684,Alan Varela,9773,FC Porto,Midfielder,https://www.fotmob.com/en-GB/players/1186684/alan-varela,FC_Porto_Squad.json
1614857,Alasana Yirajang,6019,Slovan Bratislava,Forward,https://www.fotmob.com/en-GB/players/1614857/alasana-yirajang,Slovan_Bratislava_Squad.json
294859,Alassane Pléa,8640,PSV Eindhoven,Forward,https://www.fotmob.com/en-GB/players/294859/alassane-plea,PSV_Eindhoven_Squad.json
1387439,Alberto Costa,9773,FC Porto,Defender,https://www.fotmob.com/en-GB/players/1387439/alberto-costa,FC_Porto_Squad.json
822789,Alberto Dossena,10171,Como,Defender,https://www.fotmob.com/en-GB/players/822789/alberto-dossena,Como_Squad.json
1184694,Alberto Moleiro,10205,Villarreal,Midfielder,https://www.fotmob.com/en-GB/players/1184694/alberto-moleiro,Villarreal_Squad.json
1254166,Alejandro Balde,8634,Barcelona,Defender,https://www.fotmob.com/en-GB/players/1254166/alejandro-balde,Barcelona_Squad.json
1203665,Alejandro Garnacho,10252,Aston Villa,Forward,https://www.fotmob.com/en-GB/players/1203665/alejandro-garnacho,Aston_Villa_Squad.json
1485173,Alejandro Granados,8342,Club Brugge,Midfielder,https://www.fotmob.com/en-GB/players/1485173/alejandro-granados,Club_Brugge_Squad.json
288406,Alejandro Grimaldo,9906,Atletico Madrid,Defender,https://www.fotmob.com/en-GB/players/288406/alejandro-grimaldo,Atletico_Madrid_Squad.json
1527038,Aleksa Puric,9906,Atletico Madrid,Defender,https://www.fotmob.com/en-GB/players/1527038/aleksa-puric,Atletico_Madrid_Squad.json
1473580,Aleksandar Pavlovic,9823,Bayern Munich,Midfielder,https://www.fotmob.com/en-GB/players/1473580/aleksandar-pavlovic,Bayern_Munich_Squad.json
1410437,Aleksandar Stankovic,8636,Inter,Midfielder,https://www.fotmob.com/en-GB/players/1410437/aleksandar-stankovic,Inter_Squad.json
1504343,Aleksey Batrakov,8637,Galatasaray,Midfielder,https://www.fotmob.com/en-GB/players/1504343/aleksey-batrakov,Galatasaray_Squad.json
688887,Aleksey Isayev,951893,Sabah FK,Midfielder,https://www.fotmob.com/en-GB/players/688887/aleksey-isaev,Sabah_FK_Squad.json
1437941,Alemão,9977,LASK,Defender,https://www.fotmob.com/en-GB/players/1437941/alemao,LASK_Squad.json
949092,Alen Mustafic,6019,Slovan Bratislava,Defender,https://www.fotmob.com/en-GB/players/949092/alen-mustafic,Slovan_Bratislava_Squad.json
805451,Alessandro Bastoni,8636,Inter,Defender,https://www.fotmob.com/en-GB/players/805451/alessandro-bastoni,Inter_Squad.json
823018,Alessandro Buongiorno,9875,Napoli,Defender,https://www.fotmob.com/en-GB/players/823018/alessandro-buongiorno,Napoli_Squad.json
566776,Alessandro Gabrielloni,10171,Como,Forward,https://www.fotmob.com/en-GB/players/566776/alessandro-gabrielloni,Como_Squad.json
461357,Alessandro Schöpf,9977,LASK,Midfielder,https://www.fotmob.com/en-GB/players/461357/alessandro-schopf,LASK_Squad.json
1695978,Alessio Chiesa,10171,Como,Defender,https://www.fotmob.com/en-GB/players/1695978/alessio-chiesa,Como_Squad.json
1338696,Alex Freeman,10205,Villarreal,Defender,https://www.fotmob.com/en-GB/players/1338696/alex-freeman,Villarreal_Squad.json
690107,Alexander Isak,8650,Liverpool,Forward,https://www.fotmob.com/en-GB/players/690107/alexander-isak,Liverpool_Squad.json
440330,Alexander Sørloth,9906,Atletico Madrid,Forward,https://www.fotmob.com/en-GB/players/440330/alexander-sorloth,Atletico_Madrid_Squad.json
1557209,Alexej Maros,6019,Slovan Bratislava,Forward,https://www.fotmob.com/en-GB/players/1557209/alexej-maros,Slovan_Bratislava_Squad.json
831489,Alexis Mac Allister,8650,Liverpool,Midfielder,https://www.fotmob.com/en-GB/players/831489/alexis-mac-allister,Liverpool_Squad.json
1186553,Alexsandro Ribeiro,8639,Lille,Defender,https://www.fotmob.com/en-GB/players/1186553/alexsandro-ribeiro,Lille_Squad.json
1503318,Alisson Santana,9728,Shakhtar Donetsk,Forward,https://www.fotmob.com/en-GB/players/1503318/alisson-santana,Shakhtar_Donetsk_Squad.json
1355552,Alisson Santos,9875,Napoli,Midfielder,https://www.fotmob.com/en-GB/players/1355552/alisson-santos,Napoli_Squad.json
1489096,Almeida,951893,Sabah FK,Defender,https://www.fotmob.com/en-GB/players/1489096/almeida,Sabah_FK_Squad.json
751202,Alphonso Davies,9823,Bayern Munich,Defender,https://www.fotmob.com/en-GB/players/751202/alphonso-davies,Bayern_Munich_Squad.json
1190025,Alvaro Carreras,8633,Real Madrid,Defender,https://www.fotmob.com/en-GB/players/1190025/alvaro-carreras,Real_Madrid_Squad.json
1656860,Alysson Edward,10252,Aston Villa,Forward,https://www.fotmob.com/en-GB/players/1656860/alysson-edward,Aston_Villa_Squad.json
1070052,Amad Diallo,10260,Manchester United,Forward,https://www.fotmob.com/en-GB/players/1070052/amad-diallo,Manchester_United_Squad.json
688830,Amadou Haidara,8588,Lens,Midfielder,https://www.fotmob.com/en-GB/players/688830/amadou-haidara,Lens_Squad.json
1185748,Amadou Onana,10252,Aston Villa,Midfielder,https://www.fotmob.com/en-GB/players/1185748/amadou-onana,Aston_Villa_Squad.json
1537000,Amara Diouf,8695,Fenerbahce,Forward,https://www.fotmob.com/en-GB/players/1537000/amara-diouf,Fenerbahce_Squad.json
1279764,Ameen Al Dakhil,10269,VfB Stuttgart,Defender,https://www.fotmob.com/en-GB/players/1279764/ameen-al-dakhil,VfB_Stuttgart_Squad.json
1751162,Amin Cosic,8478,Viking,Forward,https://www.fotmob.com/en-GB/players/1751162/amin-cosic,Viking_Squad.json
544693,Amir Rrahmani,9875,Napoli,Defender,https://www.fotmob.com/en-GB/players/544693/amir-rrahmani,Napoli_Squad.json
1050838,Anass Salah-Eddine,8686,Roma,Defender,https://www.fotmob.com/en-GB/players/1050838/anass-salah-eddine,Roma_Squad.json
873270,Anastasios Douvikas,10171,Como,Forward,https://www.fotmob.com/en-GB/players/873270/anastasios-douvikas,Como_Squad.json
935392,Anders Bærtelsen,8478,Viking,Defender,https://www.fotmob.com/en-GB/players/935392/anders-baertelsen,Viking_Squad.json
338136,Andraz Sporar,6019,Slovan Bratislava,Forward,https://www.fotmob.com/en-GB/players/338136/andraz-sporar,Slovan_Bratislava_Squad.json
449232,Andreas Christensen,8634,Barcelona,Defender,https://www.fotmob.com/en-GB/players/449232/andreas-christensen,Barcelona_Squad.json
615292,Andreas Helmersen,8402,Bodo/Glimt,Forward,https://www.fotmob.com/en-GB/players/615292/andreas-helmersen,Bodo_Glimt_Squad.json
1691828,Andrej Vasovic,8342,Club Brugge,Forward,https://www.fotmob.com/en-GB/players/1691828/andrej-vasovic,Club_Brugge_Squad.json
1372921,Andrey Santos,10260,Manchester United,Midfielder,https://www.fotmob.com/en-GB/players/1372921/andrey-santos,Manchester_United_Squad.json
1634789,Andrija Bulatovic,8588,Lens,Midfielder,https://www.fotmob.com/en-GB/players/1634789/andrija-bulatovic,Lens_Squad.json
1482209,Andrija Maksimovic,178475,RB Leipzig,Midfielder,https://www.fotmob.com/en-GB/players/1482209/andrija-maksimovic,RB_Leipzig_Squad.json
388523,André Silva,9773,FC Porto,Forward,https://www.fotmob.com/en-GB/players/388523/andre-silva,FC_Porto_Squad.json
688449,Andrés Andrade,9977,LASK,Defender,https://www.fotmob.com/en-GB/players/688449/andres-andrade,LASK_Squad.json
1254297,Andy Diouf,8636,Inter,Midfielder,https://www.fotmob.com/en-GB/players/1254297/andy-diouf,Inter_Squad.json
1421040,Ange N'Guessan,7787,Slavia Prague,Defender,https://www.fotmob.com/en-GB/players/1421040/ange-nguessan,Slavia_Prague_Squad.json
1199383,Ange-Yoan Bonny,8636,Inter,Forward,https://www.fotmob.com/en-GB/players/1199383/ange-yoan-bonny,Inter_Squad.json
1071186,Angelo Stiller,10269,VfB Stuttgart,Midfielder,https://www.fotmob.com/en-GB/players/1071186/angelo-stiller,VfB_Stuttgart_Squad.json
1576876,Anis Hadj Moussa,10235,Feyenoord,Forward,https://www.fotmob.com/en-GB/players/1576876/anis-hadj-moussa,Feyenoord_Squad.json
906937,Anthony Gordon,8634,Barcelona,Forward,https://www.fotmob.com/en-GB/players/906937/anthony-gordon,Barcelona_Squad.json
933576,Antoine Semenyo,8456,Manchester City,Forward,https://www.fotmob.com/en-GB/players/933576/antoine-semenyo,Manchester_City_Squad.json
1726757,Antonio Arena,8686,Roma,Forward,https://www.fotmob.com/en-GB/players/1726757/antonio-arena,Roma_Squad.json
1248482,Antonio Nusa,178475,RB Leipzig,Forward,https://www.fotmob.com/en-GB/players/1248482/antonio-nusa,RB_Leipzig_Squad.json
276738,Antonio Rüdiger,8633,Real Madrid,Defender,https://www.fotmob.com/en-GB/players/276738/antonio-rudiger,Real_Madrid_Squad.json
1320863,Antonio Vergara,9875,Napoli,Midfielder,https://www.fotmob.com/en-GB/players/1320863/antonio-vergara,Napoli_Squad.json
967622,Antony,8603,Real Betis,Forward,https://www.fotmob.com/en-GB/players/967622/antony,Real_Betis_Squad.json
1113704,Archie Brown,8695,Fenerbahce,Defender,https://www.fotmob.com/en-GB/players/1113704/archie-brown,Fenerbahce_Squad.json
1253890,Arda Güler,8633,Real Madrid,Midfielder,https://www.fotmob.com/en-GB/players/1253890/arda-guler,Real_Madrid_Squad.json
1433600,Arda Ünyay,8637,Galatasaray,Defender,https://www.fotmob.com/en-GB/players/1433600/arda-unyay,Galatasaray_Squad.json
1327150,Arijon Ibrahimovic,9823,Bayern Munich,Midfielder,https://www.fotmob.com/en-GB/players/1327150/arijon-ibrahimovic,Bayern_Munich_Squad.json
1901084,Armando Güner,8637,Galatasaray,Forward,https://www.fotmob.com/en-GB/players/1901084/armando-guner,Galatasaray_Squad.json
794244,Armando Obispo,8640,PSV Eindhoven,Defender,https://www.fotmob.com/en-GB/players/794244/armando-obispo,PSV_Eindhoven_Squad.json
90009825,Arsenal Keepers,9825,Arsenal,Goalkeeper,https://www.fotmob.com/en-GB/teams/9825/squad/arsenal,Arsenal_Squad.json
1510970,Art Smakaj,9977,LASK,Midfielder,https://www.fotmob.com/en-GB/players/1510970/art-smakaj,LASK_Squad.json
1116325,Artem Bondarenko,9728,Shakhtar Donetsk,Midfielder,https://www.fotmob.com/en-GB/players/1116325/artem-bondarenko,Shakhtar_Donetsk_Squad.json
1387389,Arthur Vermeeren,178475,RB Leipzig,Midfielder,https://www.fotmob.com/en-GB/players/1387389/arthur-vermeeren,RB_Leipzig_Squad.json
1201843,Artur Gajdos,6019,Slovan Bratislava,Midfielder,https://www.fotmob.com/en-GB/players/1201843/artur-gajdos,Slovan_Bratislava_Squad.json
1486541,Assan Ouédraogo,178475,RB Leipzig,Midfielder,https://www.fotmob.com/en-GB/players/1486541/assan-ouedraogo,RB_Leipzig_Squad.json
1434889,Assane Diao,10171,Como,Forward,https://www.fotmob.com/en-GB/players/1434889/assane-diao,Como_Squad.json
90010252,Aston Villa Keepers,10252,Aston Villa,Goalkeeper,https://www.fotmob.com/en-GB/teams/10252/squad/aston-villa,Aston_Villa_Squad.json
684983,Atakan Karazor,10269,VfB Stuttgart,Midfielder,https://www.fotmob.com/en-GB/players/684983/atakan-karazor,VfB_Stuttgart_Squad.json
90009906,Atletico Madrid Keepers,9906,Atletico Madrid,Goalkeeper,https://www.fotmob.com/en-GB/teams/9906/squad/atletico-madrid,Atletico_Madrid_Squad.json
954167,August Mikkelsen,8402,Bodo/Glimt,Forward,https://www.fotmob.com/en-GB/players/954167/august-mikkelsen,Bodo_Glimt_Squad.json
914458,Aurélien Tchouaméni,8633,Real Madrid,Midfielder,https://www.fotmob.com/en-GB/players/914458/aurelien-tchouameni,Real_Madrid_Squad.json
942393,Ayase Ueda,10235,Feyenoord,Forward,https://www.fotmob.com/en-GB/players/942393/ayase-ueda,Feyenoord_Squad.json
1559639,Ayden Heaven,10260,Manchester United,Defender,https://www.fotmob.com/en-GB/players/1559639/ayden-heaven,Manchester_United_Squad.json
1615528,Ayodele Thomas,178475,RB Leipzig,Forward,https://www.fotmob.com/en-GB/players/1615528/ayodele-thomas,RB_Leipzig_Squad.json
479020,Ayoze Pérez,10205,Villarreal,Forward,https://www.fotmob.com/en-GB/players/479020/ayoze-perez,Villarreal_Squad.json
1561552,Ayyoub Bouaddi,8456,Manchester City,Midfielder,https://www.fotmob.com/en-GB/players/1561552/ayyoub-bouaddi,Manchester_City_Squad.json
1388070,Badredine Bouanani,10269,VfB Stuttgart,Forward,https://www.fotmob.com/en-GB/players/1388070/badredine-bouanani,VfB_Stuttgart_Squad.json
1798782,Bara Ndiaye,9823,Bayern Munich,Midfielder,https://www.fotmob.com/en-GB/players/1798782/bara-ndiaye,Bayern_Munich_Squad.json
90008634,Barcelona Keepers,8634,Barcelona,Goalkeeper,https://www.fotmob.com/en-GB/teams/8634/squad/barcelona,Barcelona_Squad.json
890232,Baris Alper Yilmaz,8637,Galatasaray,Forward,https://www.fotmob.com/en-GB/players/890232/baris-alper-yilmaz,Galatasaray_Squad.json
796504,Barnabás Varga,8563,AEK Athens,Forward,https://www.fotmob.com/en-GB/players/796504/barnabas-varga,AEK_Athens_Squad.json
680011,Bart Nieuwkoop,10235,Feyenoord,Defender,https://www.fotmob.com/en-GB/players/680011/bart-nieuwkoop,Feyenoord_Squad.json
1216728,Bartug Elmaz,8695,Fenerbahce,Midfielder,https://www.fotmob.com/en-GB/players/1216728/bartug-elmaz,Fenerbahce_Squad.json
1347229,Basar Önal,8639,Lille,Defender,https://www.fotmob.com/en-GB/players/1347229/basar-onal,Lille_Squad.json
1970833,Bastian Assomo,9823,Bayern Munich,Forward,https://www.fotmob.com/en-GB/players/1970833/bastian-assomo,Bayern_Munich_Squad.json
90009823,Bayern Munich Keepers,9823,Bayern Munich,Goalkeeper,https://www.fotmob.com/en-GB/teams/9823/squad/bayern-munchen,Bayern_Munich_Squad.json
776151,Ben White,9825,Arsenal,Defender,https://www.fotmob.com/en-GB/players/776151/ben-white,Arsenal_Squad.json
148830,Benjamin André,8639,Lille,Midfielder,https://www.fotmob.com/en-GB/players/148830/benjamin-andre,Lille_Squad.json
681383,Benjamin Henrichs,178475,RB Leipzig,Defender,https://www.fotmob.com/en-GB/players/681383/benjamin-henrichs,RB_Leipzig_Squad.json
611223,Benjamin Pavard,8636,Inter,Defender,https://www.fotmob.com/en-GB/players/611223/benjamin-pavard,Inter_Squad.json
1073977,Benjamin Sesko,10260,Manchester United,Forward,https://www.fotmob.com/en-GB/players/1073977/benjamin-sesko,Manchester_United_Squad.json
1875892,Benno Kaltefleiter,178475,RB Leipzig,Midfielder,https://www.fotmob.com/en-GB/players/1875892/benno-kaltefleiter,RB_Leipzig_Squad.json
955376,Benoît Badiashile,9875,Napoli,Defender,https://www.fotmob.com/en-GB/players/955376/benoit-badiashile,Napoli_Squad.json
1682656,Berat Lus,8637,Galatasaray,Forward,https://www.fotmob.com/en-GB/players/1682656/berat-lus,Galatasaray_Squad.json
488139,Bernardo Silva,8633,Real Madrid,Midfielder,https://www.fotmob.com/en-GB/players/488139/bernardo-silva,Real_Madrid_Squad.json
1340895,Bilal El Khannouss,10269,VfB Stuttgart,Midfielder,https://www.fotmob.com/en-GB/players/1340895/bilal-el-khannouss,VfB_Stuttgart_Squad.json
942549,Billy Gilmour,9875,Napoli,Midfielder,https://www.fotmob.com/en-GB/players/942549/billy-gilmour,Napoli_Squad.json
90008402,Bodo/Glimt Keepers,8402,Bodo/Glimt,Goalkeeper,https://www.fotmob.com/en-GB/teams/8402/squad/bodoglimt,Bodo_Glimt_Squad.json
1083204,Borja Sainz,9773,FC Porto,Forward,https://www.fotmob.com/en-GB/players/1083204/borja-sainz,FC_Porto_Squad.json
90009789,Borussia Dortmund Keepers,9789,Borussia Dortmund,Goalkeeper,https://www.fotmob.com/en-GB/teams/9789/squad/borussia-dortmund,Borussia_Dortmund_Squad.json
816325,Boubacar Kamara,10252,Aston Villa,Midfielder,https://www.fotmob.com/en-GB/players/816325/boubacar-kamara,Aston_Villa_Squad.json
1297165,Bradley Barcola,9847,Paris Saint-Germain,Forward,https://www.fotmob.com/en-GB/players/1297165/bradley-barcola,Paris_Saint_Germain_Squad.json
750027,Brahim Díaz,8633,Real Madrid,Forward,https://www.fotmob.com/en-GB/players/750027/brahim-diaz,Real_Madrid_Squad.json
1430151,Brajan Gruda,178475,RB Leipzig,Forward,https://www.fotmob.com/en-GB/players/1430151/brajan-gruda,RB_Leipzig_Squad.json
445873,Brandon Mechele,8342,Club Brugge,Defender,https://www.fotmob.com/en-GB/players/445873/brandon-mechele,Club_Brugge_Squad.json
1821727,Brian Fariñas,8634,Barcelona,Midfielder,https://www.fotmob.com/en-GB/players/1821727/brian-farinas,Barcelona_Squad.json
1729841,Brian Madjo,10252,Aston Villa,Forward,https://www.fotmob.com/en-GB/players/1729841/brian-madjo,Aston_Villa_Squad.json
422685,Bruno Fernandes,10260,Manchester United,Midfielder,https://www.fotmob.com/en-GB/players/422685/bruno-fernandes,Manchester_United_Squad.json
850354,Bruno Guimarães,9825,Arsenal,Midfielder,https://www.fotmob.com/en-GB/players/850354/bruno-guimaraes,Arsenal_Squad.json
299799,Bryan Cristante,8686,Roma,Midfielder,https://www.fotmob.com/en-GB/players/299799/bryan-cristante,Roma_Squad.json
923312,Bryan Mbeumo,10260,Manchester United,Midfielder,https://www.fotmob.com/en-GB/players/923312/bryan-mbeumo,Manchester_United_Squad.json
961995,Bukayo Saka,9825,Arsenal,Forward,https://www.fotmob.com/en-GB/players/961995/bukayo-saka,Arsenal_Squad.json
602261,Caglar Söyüncü,8695,Fenerbahce,Defender,https://www.fotmob.com/en-GB/players/602261/caglar-soyuncu,Fenerbahce_Squad.json
622137,Calvin Verdonk,8639,Lille,Defender,https://www.fotmob.com/en-GB/players/622137/calvin-verdonk,Lille_Squad.json
1646517,Cardoso Varela,9773,FC Porto,Forward,https://www.fotmob.com/en-GB/players/1646517/cardoso-varela,FC_Porto_Squad.json
940829,Carlos Augusto,8636,Inter,Defender,https://www.fotmob.com/en-GB/players/940829/carlos-augusto,Inter_Squad.json
1352713,Carlos Baleba,10260,Manchester United,Midfielder,https://www.fotmob.com/en-GB/players/1352713/carlos-baleba,Manchester_United_Squad.json
1841015,Carlos de Roa,8603,Real Betis,Defender,https://www.fotmob.com/en-GB/players/1841015/carlos-de-roa,Real_Betis_Squad.json
1610744,Carlos Espí,8633,Real Madrid,Forward,https://www.fotmob.com/en-GB/players/1610744/carlos-espi,Real_Madrid_Squad.json
1186529,Carlos Forbs,8342,Club Brugge,Forward,https://www.fotmob.com/en-GB/players/1186529/carlos-forbs,Club_Brugge_Squad.json
1841906,Carlos Maciá,10205,Villarreal,Midfielder,https://www.fotmob.com/en-GB/players/1841906/carlos-macia,Villarreal_Squad.json
1282015,Carlos Martín,9906,Atletico Madrid,Forward,https://www.fotmob.com/en-GB/players/1282015/carlos-martin,Atletico_Madrid_Squad.json
1395964,Carlos Romero,10205,Villarreal,Defender,https://www.fotmob.com/en-GB/players/1395964/carlos-romero,Villarreal_Squad.json
1089685,Carney Chukwuemeka,9789,Borussia Dortmund,Midfielder,https://www.fotmob.com/en-GB/players/1089685/carney-chukwuemeka,Borussia_Dortmund_Squad.json
1102240,Casper Tengstedt,10235,Feyenoord,Forward,https://www.fotmob.com/en-GB/players/1102240/casper-tengstedt,Feyenoord_Squad.json
1771196,Cassiano Kiala,9823,Bayern Munich,Defender,https://www.fotmob.com/en-GB/players/1771196/cassiano-kiala,Bayern_Munich_Squad.json
1253852,Castello Lukeba,178475,RB Leipzig,Defender,https://www.fotmob.com/en-GB/players/1253852/castello-lukeba,RB_Leipzig_Squad.json
603477,Cengiz Ünder,8695,Fenerbahce,Forward,https://www.fotmob.com/en-GB/players/603477/cengiz-under,Fenerbahce_Squad.json
395914,Charalambos Lykogiannis,8563,AEK Athens,Defender,https://www.fotmob.com/en-GB/players/395914/charalambos-lykogiannis,AEK_Athens_Squad.json
952057,Charles Vanhoutte,10235,Feyenoord,Midfielder,https://www.fotmob.com/en-GB/players/952057/charles-vanhoutte,Feyenoord_Squad.json
2141015,Cheikh Tidiane Thiam,10205,Villarreal,Midfielder,https://www.fotmob.com/en-GB/players/2141015/cheikh-tidiane-thiam,Villarreal_Squad.json
1833178,Cheikne Kebe,9977,LASK,Defender,https://www.fotmob.com/en-GB/players/1833178/cheikne-kebe,LASK_Squad.json
1586552,Chema Andrés,10269,VfB Stuttgart,Midfielder,https://www.fotmob.com/en-GB/players/1586552/chema-andres,VfB_Stuttgart_Squad.json
1612843,Cheveyo Tsawa,8342,Club Brugge,Midfielder,https://www.fotmob.com/en-GB/players/1612843/cheveyo-tsawa,Club_Brugge_Squad.json
892679,Chris Führich,10269,VfB Stuttgart,Forward,https://www.fotmob.com/en-GB/players/892679/chris-fuhrich,VfB_Stuttgart_Squad.json
1830782,Christian Garofalo,9875,Napoli,Defender,https://www.fotmob.com/en-GB/players/1830782/christian-garofalo,Napoli_Squad.json
1624072,Christian Nwachukwu,951893,Sabah FK,Forward,https://www.fotmob.com/en-GB/players/1624072/christian-nwachukwu,Sabah_FK_Squad.json
747718,Christoph Baumgartner,178475,RB Leipzig,Midfielder,https://www.fotmob.com/en-GB/players/747718/christoph-baumgartner,RB_Leipzig_Squad.json
1232205,Christoph Lang,9977,LASK,Midfielder,https://www.fotmob.com/en-GB/players/1232205/christoph-lang,LASK_Squad.json
704523,Christopher Nkunku,178475,RB Leipzig,Forward,https://www.fotmob.com/en-GB/players/704523/christopher-nkunku,RB_Leipzig_Squad.json
1661197,Christos Alexiou,8563,AEK Athens,Defender,https://www.fotmob.com/en-GB/players/1661197/christos-alexiou,AEK_Athens_Squad.json
1157237,Christos Tzolis,9825,Arsenal,Forward,https://www.fotmob.com/en-GB/players/1157237/christos-tzolis,Arsenal_Squad.json
1486264,Claudio Echeverri,8456,Manchester City,Forward,https://www.fotmob.com/en-GB/players/1486264/claudio-echeverri,Manchester_City_Squad.json
90008342,Club Brugge Keepers,8342,Club Brugge,Goalkeeper,https://www.fotmob.com/en-GB/teams/8342/squad/club-brugge,Club_Brugge_Squad.json
806552,Cody Gakpo,8650,Liverpool,Forward,https://www.fotmob.com/en-GB/players/806552/cody-gakpo,Liverpool_Squad.json
90010171,Como Keepers,10171,Como,Goalkeeper,https://www.fotmob.com/en-GB/teams/10171/squad/como,Como_Squad.json
1113690,Conor Bradley,8650,Liverpool,Defender,https://www.fotmob.com/en-GB/players/1113690/conor-bradley,Liverpool_Squad.json
1482294,Conrad Harder,178475,RB Leipzig,Forward,https://www.fotmob.com/en-GB/players/1482294/conrad-harder,RB_Leipzig_Squad.json
1403328,Costantino Favasuli,9875,Napoli,Defender,https://www.fotmob.com/en-GB/players/1403328/costantino-favasuli,Napoli_Squad.json
1298907,Cristhian Mosquera,9825,Arsenal,Defender,https://www.fotmob.com/en-GB/players/1298907/cristhian-mosquera,Arsenal_Squad.json
727101,Cristian Martínez,6019,Slovan Bratislava,Midfielder,https://www.fotmob.com/en-GB/players/727101/cristian-martinez,Slovan_Bratislava_Squad.json
789066,Cristian Romero,9906,Atletico Madrid,Defender,https://www.fotmob.com/en-GB/players/789066/cristian-romero,Atletico_Madrid_Squad.json
933768,Curtis Jones,8636,Inter,Midfielder,https://www.fotmob.com/en-GB/players/933768/curtis-jones,Inter_Squad.json
994403,Cyril Ngonge,9875,Napoli,Forward,https://www.fotmob.com/en-GB/players/994403/cyril-ngonge,Napoli_Squad.json
201939,Cédric Bakambu,8603,Real Betis,Forward,https://www.fotmob.com/en-GB/players/201939/cedric-bakambu,Real_Betis_Squad.json
888966,César Blackman,6019,Slovan Bratislava,Defender,https://www.fotmob.com/en-GB/players/888966/cesar-blackman,Slovan_Bratislava_Squad.json
1023982,Daiki Matsuoka,6019,Slovan Bratislava,Midfielder,https://www.fotmob.com/en-GB/players/1023982/daiki-matsuoka,Slovan_Bratislava_Squad.json
1760112,Dan Kohout,7787,Slavia Prague,Forward,https://www.fotmob.com/en-GB/players/1760112/dan-kohout,Slavia_Prague_Squad.json
852347,Dan-Axel Zagadou,10269,VfB Stuttgart,Defender,https://www.fotmob.com/en-GB/players/852347/dan-axel-zagadou,VfB_Stuttgart_Squad.json
614834,Dani Olmo,8634,Barcelona,Midfielder,https://www.fotmob.com/en-GB/players/614834/dani-olmo,Barcelona_Squad.json
75307,Dani Parejo,10205,Villarreal,Midfielder,https://www.fotmob.com/en-GB/players/75307/dani-parejo,Villarreal_Squad.json
1359647,Daniel Bassi,8402,Bodo/Glimt,Forward,https://www.fotmob.com/en-GB/players/1359647/daniel-bassi,Bodo_Glimt_Squad.json
1014980,Daniel Bragança,9768,Sporting CP,Midfielder,https://www.fotmob.com/en-GB/players/1014980/daniel-braganca,Sporting_CP_Squad.json
1209228,Daniel Svensson,9789,Borussia Dortmund,Defender,https://www.fotmob.com/en-GB/players/1209228/daniel-svensson,Borussia_Dortmund_Squad.json
1386006,Daniele Ghilardi,8686,Roma,Defender,https://www.fotmob.com/en-GB/players/1386006/daniele-ghilardi,Roma_Squad.json
1270718,Danijel Sturm,7787,Slavia Prague,Forward,https://www.fotmob.com/en-GB/players/1270718/danijel-sturm,Slavia_Prague_Squad.json
630472,Danylo Ignatenko,6019,Slovan Bratislava,Midfielder,https://www.fotmob.com/en-GB/players/630472/danylo-ignatenko,Slovan_Bratislava_Squad.json
883759,David Doudera,7787,Slavia Prague,Midfielder,https://www.fotmob.com/en-GB/players/883759/david-doudera,Slavia_Prague_Squad.json
1413780,David Jiménez,8633,Real Madrid,Defender,https://www.fotmob.com/en-GB/players/1413780/david-jimenez,Real_Madrid_Squad.json
1247323,David Jurásek,7787,Slavia Prague,Defender,https://www.fotmob.com/en-GB/players/1247323/david-jurasek,Slavia_Prague_Squad.json
1509423,David Moses,7787,Slavia Prague,Midfielder,https://www.fotmob.com/en-GB/players/1509423/david-moses,Slavia_Prague_Squad.json
793066,David Neres,9875,Napoli,Midfielder,https://www.fotmob.com/en-GB/players/793066/david-neres,Napoli_Squad.json
806669,David Raum,178475,RB Leipzig,Defender,https://www.fotmob.com/en-GB/players/806669/david-raum,RB_Leipzig_Squad.json
1771197,David Santos Daiber,9823,Bayern Munich,Midfielder,https://www.fotmob.com/en-GB/players/1771197/david-santos-daiber,Bayern_Munich_Squad.json
1085401,David Zima,7787,Slavia Prague,Defender,https://www.fotmob.com/en-GB/players/1085401/david-zima,Slavia_Prague_Squad.json
643533,Davinson Sánchez,8637,Galatasaray,Defender,https://www.fotmob.com/en-GB/players/643533/davinson-sanchez,Galatasaray_Squad.json
658554,Dayot Upamecano,9823,Bayern Munich,Defender,https://www.fotmob.com/en-GB/players/658554/dayot-upamecano,Bayern_Munich_Squad.json
1367619,Dean Huijsen,8633,Real Madrid,Defender,https://www.fotmob.com/en-GB/players/1367619/dean-huijsen,Real_Madrid_Squad.json
654096,Declan Rice,9825,Arsenal,Midfielder,https://www.fotmob.com/en-GB/players/654096/declan-rice,Arsenal_Squad.json
1918387,Delcio Aurelio,9768,Sporting CP,Forward,https://www.fotmob.com/en-GB/players/1918387/delcio-aurelio,Sporting_CP_Squad.json
1342781,Denis Halinsky,7787,Slavia Prague,Defender,https://www.fotmob.com/en-GB/players/1342781/denis-halinsky,Slavia_Prague_Squad.json
1406300,Deniz Gül,9773,FC Porto,Forward,https://www.fotmob.com/en-GB/players/1406300/deniz-gul,FC_Porto_Squad.json
661519,Deniz Undav,10269,VfB Stuttgart,Forward,https://www.fotmob.com/en-GB/players/661519/deniz-undav,VfB_Stuttgart_Squad.json
805767,Dennis Man,8640,PSV Eindhoven,Forward,https://www.fotmob.com/en-GB/players/805767/dennis-man,PSV_Eindhoven_Squad.json
1721075,Denys Smetana,9728,Shakhtar Donetsk,Midfielder,https://www.fotmob.com/en-GB/players/1721075/denys-smetana,Shakhtar_Donetsk_Squad.json
593118,Denzel Dumfries,8633,Real Madrid,Midfielder,https://www.fotmob.com/en-GB/players/593118/denzel-dumfries,Real_Madrid_Squad.json
617396,Dereck Kutesa,8563,AEK Athens,Midfielder,https://www.fotmob.com/en-GB/players/617396/dereck-kutesa,AEK_Athens_Squad.json
1180321,Devyne Rensch,8686,Roma,Defender,https://www.fotmob.com/en-GB/players/1180321/devyne-rensch,Roma_Squad.json
570434,Diego Carlos,8695,Fenerbahce,Defender,https://www.fotmob.com/en-GB/players/570434/diego-carlos,Fenerbahce_Squad.json
420568,Diego Llorente,8603,Real Betis,Defender,https://www.fotmob.com/en-GB/players/420568/diego-llorente,Real_Betis_Squad.json
1079539,Dilane Bakwa,8639,Lille,Forward,https://www.fotmob.com/en-GB/players/1079539/dilane-bakwa,Lille_Squad.json
1412199,Dimitrios Kaloskamis,8563,AEK Athens,Forward,https://www.fotmob.com/en-GB/players/1412199/dimitrios-kaloskamis,AEK_Athens_Squad.json
751550,Diogo Dalot,10260,Manchester United,Defender,https://www.fotmob.com/en-GB/players/751550/diogo-dalot,Manchester_United_Squad.json
894803,Djed Spence,8636,Inter,Defender,https://www.fotmob.com/en-GB/players/894803/djed-spence,Inter_Squad.json
1553386,Djomar Giersthove,10235,Feyenoord,Defender,https://www.fotmob.com/en-GB/players/1553386/djomar-giersthove,Feyenoord_Squad.json
115180,Domagoj Vida,8563,AEK Athens,Defender,https://www.fotmob.com/en-GB/players/115180/domagoj-vida,AEK_Athens_Squad.json
1510854,Dominik Prpic,9773,FC Porto,Defender,https://www.fotmob.com/en-GB/players/1510854/dominik-prpic,FC_Porto_Squad.json
846005,Dominik Szoboszlai,8650,Liverpool,Midfielder,https://www.fotmob.com/en-GB/players/846005/dominik-szoboszlai,Liverpool_Squad.json
660301,Donyell Malen,8686,Roma,Forward,https://www.fotmob.com/en-GB/players/660301/donyell-malen,Roma_Squad.json
1230287,Dorgeles Nene,8695,Fenerbahce,Forward,https://www.fotmob.com/en-GB/players/1230287/dorgeles-nene,Fenerbahce_Squad.json
1682313,Dro Fernández,9847,Paris Saint-Germain,Midfielder,https://www.fotmob.com/en-GB/players/1682313/dro-fernandez,Paris_Saint_Germain_Squad.json
1766344,Duarte Cunha,9773,FC Porto,Forward,https://www.fotmob.com/en-GB/players/1766344/duarte-cunha,FC_Porto_Squad.json
1726794,Dylan Vanney,8603,Real Betis,Midfielder,https://www.fotmob.com/en-GB/players/1726794/dylan-vanney,Real_Betis_Squad.json
1366602,Dzenan Pejcinovic,10269,VfB Stuttgart,Forward,https://www.fotmob.com/en-GB/players/1366602/dzenan-pejcinovic,VfB_Stuttgart_Squad.json
727897,Dávid Hancko,9906,Atletico Madrid,Defender,https://www.fotmob.com/en-GB/players/727897/david-hancko,Atletico_Madrid_Squad.json
1339208,Désiré Doué,9847,Paris Saint-Germain,Forward,https://www.fotmob.com/en-GB/players/1339208/desire-doue,Paris_Saint_Germain_Squad.json
818975,Eberechi Eze,9825,Arsenal,Midfielder,https://www.fotmob.com/en-GB/players/818975/eberechi-eze,Arsenal_Squad.json
362121,Edoardo Goldaniga,10171,Como,Defender,https://www.fotmob.com/en-GB/players/362121/edoardo-goldaniga,Como_Squad.json
1015185,Eduardo Camavinga,8633,Real Madrid,Midfielder,https://www.fotmob.com/en-GB/players/1015185/eduardo-camavinga,Real_Madrid_Squad.json
1156380,Eduardo Quaresma,9768,Sporting CP,Defender,https://www.fotmob.com/en-GB/players/1156380/eduardo-quaresma,Sporting_CP_Squad.json
1367620,Edvin Austbø,8478,Viking,Forward,https://www.fotmob.com/en-GB/players/1367620/edvin-austbo,Viking_Squad.json
1173788,El Chadaille Bitshiabu,178475,RB Leipzig,Defender,https://www.fotmob.com/en-GB/players/1173788/el-chadaille-bitshiabu,RB_Leipzig_Squad.json
1553486,Eliás Piták,7787,Slavia Prague,Defender,https://www.fotmob.com/en-GB/players/1553486/elias-pitak,Slavia_Prague_Squad.json
1089691,Elliot Anderson,8456,Manchester City,Midfielder,https://www.fotmob.com/en-GB/players/1089691/elliot-anderson,Manchester_City_Squad.json
610184,Emiliano Buendía,10252,Aston Villa,Forward,https://www.fotmob.com/en-GB/players/610184/emiliano-buendia,Aston_Villa_Squad.json
1327747,Emmanuel Ayaosi,7787,Slavia Prague,Forward,https://www.fotmob.com/en-GB/players/1327747/emmanuel-ayaosi,Slavia_Prague_Squad.json
307021,Emre Can,9789,Borussia Dortmund,Defender,https://www.fotmob.com/en-GB/players/307021/emre-can,Borussia_Dortmund_Squad.json
1111753,Emre Demir,8695,Fenerbahce,Forward,https://www.fotmob.com/en-GB/players/1111753/emre-demir,Fenerbahce_Squad.json
1406729,Endrick,8633,Real Madrid,Forward,https://www.fotmob.com/en-GB/players/1406729/endrick,Real_Madrid_Squad.json
1729839,Enzo dos Santos,9789,Borussia Dortmund,Midfielder,https://www.fotmob.com/en-GB/players/1729839/enzo-duarte,Borussia_Dortmund_Squad.json
1137705,Enzo Fernández,8456,Manchester City,Midfielder,https://www.fotmob.com/en-GB/players/1137705/enzo-fernandez,Manchester_City_Squad.json
1904968,Erblin Osmani,9823,Bayern Munich,Midfielder,https://www.fotmob.com/en-GB/players/1904968/erblin-osmani,Bayern_Munich_Squad.json
1041660,Eren Elmali,8637,Galatasaray,Defender,https://www.fotmob.com/en-GB/players/1041660/eren-elmali,Galatasaray_Squad.json
940573,Eric García,8634,Barcelona,Defender,https://www.fotmob.com/en-GB/players/940573/eric-garcia,Barcelona_Squad.json
737066,Erling Haaland,8456,Manchester City,Forward,https://www.fotmob.com/en-GB/players/737066/erling-haaland,Manchester_City_Squad.json
840241,Ermedin Demirovic,10269,VfB Stuttgart,Forward,https://www.fotmob.com/en-GB/players/840241/ermedin-demirovic,VfB_Stuttgart_Squad.json
1346860,Esmir Bajraktarevic,8640,PSV Eindhoven,Forward,https://www.fotmob.com/en-GB/players/1346860/esmir-bajraktarevic,PSV_Eindhoven_Squad.json
1426809,Ethan Mbappé,8639,Lille,Forward,https://www.fotmob.com/en-GB/players/1426809/ethan-mbappe,Lille_Squad.json
1254234,Ethan Nwaneri,9825,Arsenal,Midfielder,https://www.fotmob.com/en-GB/players/1254234/ethan-nwaneri,Arsenal_Squad.json
787242,Evan N'Dicka,8686,Roma,Defender,https://www.fotmob.com/en-GB/players/787242/evan-ndicka,Roma_Squad.json
1300864,Eyüp Aydin,8637,Galatasaray,Midfielder,https://www.fotmob.com/en-GB/players/1300864/eyup-aydin,Galatasaray_Squad.json
1310001,Ezechiel Banzuzi,178475,RB Leipzig,Midfielder,https://www.fotmob.com/en-GB/players/1310001/ezechiel-banzuzi,RB_Leipzig_Squad.json
710159,Ezri Konsa,9825,Arsenal,Defender,https://www.fotmob.com/en-GB/players/710159/ezri-konsa,Arsenal_Squad.json
1689729,Fabian Merién,8640,PSV Eindhoven,Defender,https://www.fotmob.com/en-GB/players/1689729/fabian-merien,PSV_Eindhoven_Squad.json
605654,Fabián Ruiz,9847,Paris Saint-Germain,Midfielder,https://www.fotmob.com/en-GB/players/605654/fabian-ruiz,Paris_Saint_Germain_Squad.json
1436133,Facundo Bernal,8603,Real Betis,Midfielder,https://www.fotmob.com/en-GB/players/1436133/facundo-bernal,Real_Betis_Squad.json
90009773,FC Porto Keepers,9773,FC Porto,Goalkeeper,https://www.fotmob.com/en-GB/teams/9773/squad/fc-porto,FC_Porto_Squad.json
784510,Federico Chiesa,8650,Liverpool,Forward,https://www.fotmob.com/en-GB/players/784510/federico-chiesa,Liverpool_Squad.json
605224,Federico Dimarco,8636,Inter,Midfielder,https://www.fotmob.com/en-GB/players/605224/federico-dimarco,Inter_Squad.json
743533,Federico Valverde,8633,Real Madrid,Defender,https://www.fotmob.com/en-GB/players/743533/federico-valverde,Real_Madrid_Squad.json
966019,Felix Nmecha,9789,Borussia Dortmund,Midfielder,https://www.fotmob.com/en-GB/players/966019/felix-nmecha,Borussia_Dortmund_Squad.json
90008695,Fenerbahce Keepers,8695,Fenerbahce,Goalkeeper,https://www.fotmob.com/en-GB/teams/8695/squad/fenerbahce,Fenerbahce_Squad.json
623537,Ferland Mendy,8633,Real Madrid,Defender,https://www.fotmob.com/en-GB/players/623537/ferland-mendy,Real_Madrid_Squad.json
1404415,Fermín López,8634,Barcelona,Midfielder,https://www.fotmob.com/en-GB/players/1404415/fermin-lopez,Barcelona_Squad.json
881771,Ferrán Torres,9847,Paris Saint-Germain,Forward,https://www.fotmob.com/en-GB/players/881771/ferran-torres,Paris_Saint_Germain_Squad.json
90010235,Feyenoord Keepers,10235,Feyenoord,Goalkeeper,https://www.fotmob.com/en-GB/teams/10235/squad/feyenoord,Feyenoord_Squad.json
281012,Filip Kostic,8640,PSV Eindhoven,Defender,https://www.fotmob.com/en-GB/players/281012/filip-kostic,PSV_Eindhoven_Squad.json
1285815,Filipe Relvas,8563,AEK Athens,Defender,https://www.fotmob.com/en-GB/players/1285815/filipe-relvas,AEK_Athens_Squad.json
1663094,Filippo Mane,9789,Borussia Dortmund,Defender,https://www.fotmob.com/en-GB/players/1663094/filippo-mane,Borussia_Dortmund_Squad.json
1487877,Finn Jeltsch,10269,VfB Stuttgart,Defender,https://www.fotmob.com/en-GB/players/1487877/finn-jeltsch,VfB_Stuttgart_Squad.json
619687,Florian Flecker,9977,LASK,Forward,https://www.fotmob.com/en-GB/players/619687/florian-flecker,LASK_Squad.json
612699,Florian Sotoca,8588,Lens,Midfielder,https://www.fotmob.com/en-GB/players/612699/florian-sotoca,Lens_Squad.json
254308,Florian Thauvin,8588,Lens,Midfielder,https://www.fotmob.com/en-GB/players/254308/florian-thauvin,Lens_Squad.json
1152455,Florian Wirtz,8650,Liverpool,Forward,https://www.fotmob.com/en-GB/players/1152455/florian-wirtz,Liverpool_Squad.json
1691190,Flávio Gonçalves,9768,Sporting CP,Forward,https://www.fotmob.com/en-GB/players/1691190/flavio-goncalves,Sporting_CP_Squad.json
899701,Fotis Ioannidis,9768,Sporting CP,Forward,https://www.fotmob.com/en-GB/players/899701/fotis-ioannidis,Sporting_CP_Squad.json
750028,Fran García,8603,Real Betis,Defender,https://www.fotmob.com/en-GB/players/750028/fran-garcia,Real_Betis_Squad.json
1367618,Francesco Pio Esposito,8636,Inter,Forward,https://www.fotmob.com/en-GB/players/1367618/francesco-pio-esposito,Inter_Squad.json
919374,Francisco Moura,9773,FC Porto,Defender,https://www.fotmob.com/en-GB/players/919374/francisco-moura,FC_Porto_Squad.json
1565855,Franco Lino,8478,Viking,Defender,https://www.fotmob.com/en-GB/players/1565855/franco-lino,Viking_Squad.json
1406419,Franjo Ivanovic,8588,Lens,Forward,https://www.fotmob.com/en-GB/players/1406419/franjo-ivanovic,Lens_Squad.json
612863,Frank Anguissa,9875,Napoli,Midfielder,https://www.fotmob.com/en-GB/players/612863/frank-anguissa,Napoli_Squad.json
833641,Frantzdy Pierrot,8563,AEK Athens,Forward,https://www.fotmob.com/en-GB/players/833641/frantzdy-pierrot,AEK_Athens_Squad.json
1206287,Freddie Potts,8342,Club Brugge,Midfielder,https://www.fotmob.com/en-GB/players/1206287/freddie-potts,Club_Brugge_Squad.json
630228,Fredrik André Bjørkan,8402,Bodo/Glimt,Defender,https://www.fotmob.com/en-GB/players/630228/fredrik-andre-bjorkan,Bodo_Glimt_Squad.json
1281021,Fredrik Sjøvold,8402,Bodo/Glimt,Defender,https://www.fotmob.com/en-GB/players/1281021/fredrik-sjovold,Bodo_Glimt_Squad.json
638622,Frenkie de Jong,8634,Barcelona,Midfielder,https://www.fotmob.com/en-GB/players/638622/frenkie-de-jong,Barcelona_Squad.json
1050158,Fábio Silva,9789,Borussia Dortmund,Forward,https://www.fotmob.com/en-GB/players/1050158/fabio-silva,Borussia_Dortmund_Squad.json
1025462,Fábio Vieira,9825,Arsenal,Midfielder,https://www.fotmob.com/en-GB/players/1025462/fabio-vieira,Arsenal_Squad.json
942358,Félix Correia,8639,Lille,Forward,https://www.fotmob.com/en-GB/players/942358/felix-correia,Lille_Squad.json
1284071,Félix Lemaréchal,8342,Club Brugge,Midfielder,https://www.fotmob.com/en-GB/players/1284071/felix-lemarechal,Club_Brugge_Squad.json
795179,Gabriel,9825,Arsenal,Defender,https://www.fotmob.com/en-GB/players/795179/gabriel,Arsenal_Squad.json
576165,Gabriel Jesus,8634,Barcelona,Forward,https://www.fotmob.com/en-GB/players/576165/gabriel-jesus,Barcelona_Squad.json
1021586,Gabriel Martinelli,9825,Arsenal,Forward,https://www.fotmob.com/en-GB/players/1021586/gabriel-martinelli,Arsenal_Squad.json
902710,Gabriel Sara,8637,Galatasaray,Midfielder,https://www.fotmob.com/en-GB/players/902710/gabriel-sara,Galatasaray_Squad.json
1116734,Gabriel Veiga,9773,FC Porto,Midfielder,https://www.fotmob.com/en-GB/players/1116734/gabriel-veiga,FC_Porto_Squad.json
90008637,Galatasaray Keepers,8637,Galatasaray,Goalkeeper,https://www.fotmob.com/en-GB/teams/8637/squad/galatasaray,Galatasaray_Squad.json
1675966,Gaoussou Diarra,10235,Feyenoord,Forward,https://www.fotmob.com/en-GB/players/1675966/gaoussou-diarra,Feyenoord_Squad.json
1279040,Gavi,8634,Barcelona,Midfielder,https://www.fotmob.com/en-GB/players/1279040/gavi,Barcelona_Squad.json
708435,Gaëtan Perrin,8639,Lille,Forward,https://www.fotmob.com/en-GB/players/708435/gaetan-perrin,Lille_Squad.json
1088753,Geny Catamo,9768,Sporting CP,Forward,https://www.fotmob.com/en-GB/players/1088753/geny-catamo,Sporting_CP_Squad.json
953995,George Bello,9977,LASK,Defender,https://www.fotmob.com/en-GB/players/953995/george-bello,LASK_Squad.json
1607333,George Hemmings,10252,Aston Villa,Midfielder,https://www.fotmob.com/en-GB/players/1607333/george-hemmings,Aston_Villa_Squad.json
1117069,Georges Mikautadze,10205,Villarreal,Forward,https://www.fotmob.com/en-GB/players/1117069/georges-mikautadze,Villarreal_Squad.json
1119687,Georgios Vagiannidis,9768,Sporting CP,Defender,https://www.fotmob.com/en-GB/players/1119687/georgios-vagiannidis,Sporting_CP_Squad.json
1598982,Gerard Martín,8634,Barcelona,Defender,https://www.fotmob.com/en-GB/players/1598982/gerard-martin,Barcelona_Squad.json
246438,Gerard Moreno,10205,Villarreal,Forward,https://www.fotmob.com/en-GB/players/246438/gerard-moreno,Villarreal_Squad.json
588687,Gianluca Mancini,8686,Roma,Defender,https://www.fotmob.com/en-GB/players/588687/gianluca-mancini,Roma_Squad.json
1029026,Gianni Stensness,8478,Viking,Defender,https://www.fotmob.com/en-GB/players/1029026/gianni-stensness,Viking_Squad.json
1215014,Giannis Konstantelias,9789,Borussia Dortmund,Midfielder,https://www.fotmob.com/en-GB/players/1215014/giannis-konstantelias,Borussia_Dortmund_Squad.json
883503,Gijs Smal,10235,Feyenoord,Defender,https://www.fotmob.com/en-GB/players/883503/gijs-smal,Feyenoord_Squad.json
1355574,Giovane Nascimento,9875,Napoli,Forward,https://www.fotmob.com/en-GB/players/1355574/giovane-nascimento,Napoli_Squad.json
604126,Giovani Lo Celso,8603,Real Betis,Midfielder,https://www.fotmob.com/en-GB/players/604126/giovani-lo-celso,Real_Betis_Squad.json
414906,Giovanni Di Lorenzo,9875,Napoli,Defender,https://www.fotmob.com/en-GB/players/414906/giovanni-di-lorenzo,Napoli_Squad.json
1609209,Giovanni Leoni,8650,Liverpool,Defender,https://www.fotmob.com/en-GB/players/1609209/giovanni-leoni,Liverpool_Squad.json
1226147,Giuliano Simeone,9906,Atletico Madrid,Midfielder,https://www.fotmob.com/en-GB/players/1226147/giuliano-simeone,Atletico_Madrid_Squad.json
1351133,Givairo Read,10235,Feyenoord,Defender,https://www.fotmob.com/en-GB/players/1351133/givairo-read,Feyenoord_Squad.json
1523822,Gjivai Zechiël,10235,Feyenoord,Midfielder,https://www.fotmob.com/en-GB/players/1523822/gjivai-zechiel,Feyenoord_Squad.json
1460572,Gleiker Mendoza,9728,Shakhtar Donetsk,Forward,https://www.fotmob.com/en-GB/players/1460572/gleiker-mendoza,Shakhtar_Donetsk_Squad.json
1648518,Gonzalo Petit,8603,Real Betis,Forward,https://www.fotmob.com/en-GB/players/1648518/gonzalo-petit,Real_Betis_Squad.json
1080520,Gonçalo Borges,10235,Feyenoord,Forward,https://www.fotmob.com/en-GB/players/1080520/goncalo-borges,Feyenoord_Squad.json
1165710,Gonçalo Inácio,9768,Sporting CP,Defender,https://www.fotmob.com/en-GB/players/1165710/goncalo-inacio,Sporting_CP_Squad.json
625175,Grischa Prömel,10269,VfB Stuttgart,Midfielder,https://www.fotmob.com/en-GB/players/625175/grischa-promel,VfB_Stuttgart_Squad.json
118241,Gustaf Nilsson,8342,Club Brugge,Forward,https://www.fotmob.com/en-GB/players/118241/gustaf-nilsson,Club_Brugge_Squad.json
774947,Guus Til,8640,PSV Eindhoven,Forward,https://www.fotmob.com/en-GB/players/774947/guus-til,PSV_Eindhoven_Squad.json
215158,Haitam Aleesami,8402,Bodo/Glimt,Defender,https://www.fotmob.com/en-GB/players/215158/haitam-aleesami,Bodo_Glimt_Squad.json
304733,Hakan Çalhanoglu,8636,Inter,Midfielder,https://www.fotmob.com/en-GB/players/304733/hakan-calhanoglu,Inter_Squad.json
1876641,Hakeem Agboluaje,10235,Feyenoord,Midfielder,https://www.fotmob.com/en-GB/players/1876641/hakeem-agboluaje,Feyenoord_Squad.json
1453434,Hakim Sahabo,8563,AEK Athens,Midfielder,https://www.fotmob.com/en-GB/players/1453434/hakim-sahabo,AEK_Athens_Squad.json
1791316,Hamidou Kante,7787,Slavia Prague,Defender,https://www.fotmob.com/en-GB/players/1791316/hamidou-kante,Slavia_Prague_Squad.json
1421275,Hamza Igamane,8639,Lille,Forward,https://www.fotmob.com/en-GB/players/1421275/hamza-igamane,Lille_Squad.json
1232253,Han-Beom Lee,8342,Club Brugge,Defender,https://www.fotmob.com/en-GB/players/1232253/han-beom-lee,Club_Brugge_Squad.json
203666,Hans Vanaken,8342,Club Brugge,Midfielder,https://www.fotmob.com/en-GB/players/203666/hans-vanaken,Club_Brugge_Squad.json
637737,Harold Moukoudi,8563,AEK Athens,Defender,https://www.fotmob.com/en-GB/players/637737/harold-moukoudi,AEK_Athens_Squad.json
1430832,Harry Amass,10260,Manchester United,Midfielder,https://www.fotmob.com/en-GB/players/1430832/harry-amass,Manchester_United_Squad.json
194165,Harry Kane,9823,Bayern Munich,Forward,https://www.fotmob.com/en-GB/players/194165/harry-kane,Bayern_Munich_Squad.json
255610,Harry Maguire,10260,Manchester United,Defender,https://www.fotmob.com/en-GB/players/255610/harry-maguire,Manchester_United_Squad.json
963964,Harvey Elliott,8650,Liverpool,Midfielder,https://www.fotmob.com/en-GB/players/963964/harvey-elliott,Liverpool_Squad.json
1110550,Henrik Falchener,8478,Viking,Defender,https://www.fotmob.com/en-GB/players/1110550/henrik-falchener,Viking_Squad.json
1163230,Henrik Heggheim,8478,Viking,Defender,https://www.fotmob.com/en-GB/players/1163230/henrik-heggheim,Viking_Squad.json
73167,Henrikh Mkhitaryan,8636,Inter,Midfielder,https://www.fotmob.com/en-GB/players/73167/henrikh-mkhitaryan,Inter_Squad.json
1019527,Herman Haugen,8478,Viking,Forward,https://www.fotmob.com/en-GB/players/1019527/herman-haugen,Viking_Squad.json
851626,Hiroki Ito,9823,Bayern Munich,Defender,https://www.fotmob.com/en-GB/players/851626/hiroki-ito,Bayern_Munich_Squad.json
1197030,Hugo Ekitiké,8650,Liverpool,Forward,https://www.fotmob.com/en-GB/players/1197030/hugo-ekitike,Liverpool_Squad.json
1202888,Hugo Siquet,8342,Club Brugge,Defender,https://www.fotmob.com/en-GB/players/1202888/hugo-siquet,Club_Brugge_Squad.json
837064,Hugo Vetlesen,8342,Club Brugge,Midfielder,https://www.fotmob.com/en-GB/players/837064/hugo-vetlesen,Club_Brugge_Squad.json
1044470,Hákon Arnar Haraldsson,8639,Lille,Midfielder,https://www.fotmob.com/en-GB/players/1044470/hakon-arnar-haraldsson,Lille_Squad.json
632870,Håkon Evjen,8402,Bodo/Glimt,Midfielder,https://www.fotmob.com/en-GB/players/632870/hakon-evjen,Bodo_Glimt_Squad.json
427438,Héctor Bellerín,8603,Real Betis,Defender,https://www.fotmob.com/en-GB/players/427438/hector-bellerin,Real_Betis_Squad.json
1490110,Héctor Fort,8634,Barcelona,Defender,https://www.fotmob.com/en-GB/players/1490110/hector-fort,Barcelona_Squad.json
966026,Ian Maatsen,10252,Aston Villa,Defender,https://www.fotmob.com/en-GB/players/966026/ian-maatsen,Aston_Villa_Squad.json
1593857,Ibrahim Mbaye,9847,Paris Saint-Germain,Forward,https://www.fotmob.com/en-GB/players/1593857/ibrahim-mbaye,Paris_Saint_Germain_Squad.json
1609327,Ibrahima Ba,9768,Sporting CP,Defender,https://www.fotmob.com/en-GB/players/1609327/ibrahima-ba,Sporting_CP_Squad.json
820140,Ibrahima Konaté,8633,Real Madrid,Defender,https://www.fotmob.com/en-GB/players/820140/ibrahima-konate,Real_Madrid_Squad.json
1082597,Ignace Van Der Brempt,10171,Como,Defender,https://www.fotmob.com/en-GB/players/1082597/ignace-van-der-brempt,Como_Squad.json
928122,Igoh Ogbu,7787,Slavia Prague,Defender,https://www.fotmob.com/en-GB/players/928122/igoh-ogbu,Slavia_Prague_Squad.json
1082930,Iker Losada,8603,Real Betis,Forward,https://www.fotmob.com/en-GB/players/1082930/iker-losada,Real_Betis_Squad.json
1946406,Ilai Grootfaam,10235,Feyenoord,Midfielder,https://www.fotmob.com/en-GB/players/1946406/ilai-grootfaam,Feyenoord_Squad.json
1311915,Ilias Akhomach,10205,Villarreal,Forward,https://www.fotmob.com/en-GB/players/1311915/ilias-akhomach,Villarreal_Squad.json
965764,Iliman Ndiaye,8456,Manchester City,Forward,https://www.fotmob.com/en-GB/players/965764/iliman-ndiaye,Manchester_City_Squad.json
178818,Ilkay Gündogan,8637,Galatasaray,Midfielder,https://www.fotmob.com/en-GB/players/178818/ilkay-gundogan,Galatasaray_Squad.json
1140003,Ilya Zabarnyi,9847,Paris Saint-Germain,Defender,https://www.fotmob.com/en-GB/players/1140003/ilya-zabarnyi,Paris_Saint_Germain_Squad.json
623698,In-Beom Hwang,9773,FC Porto,Midfielder,https://www.fotmob.com/en-GB/players/623698/beom-hwang,FC_Porto_Squad.json
90008636,Inter Keepers,8636,Inter,Goalkeeper,https://www.fotmob.com/en-GB/teams/8636/squad/inter,Inter_Squad.json
1067263,Irakli Azarovi,9728,Shakhtar Donetsk,Defender,https://www.fotmob.com/en-GB/players/1067263/irakli-azarovi,Shakhtar_Donetsk_Squad.json
316544,Irfan Kahveci,8695,Fenerbahce,Forward,https://www.fotmob.com/en-GB/players/316544/irfan-kahveci,Fenerbahce_Squad.json
1252642,Isaac Babadi,8640,PSV Eindhoven,Midfielder,https://www.fotmob.com/en-GB/players/1252642/isaac-babadi,PSV_Eindhoven_Squad.json
1680590,Isaac Cossier,8639,Lille,Defender,https://www.fotmob.com/en-GB/players/1680590/isaac-cossier,Lille_Squad.json
1037037,Isak Dybvik Määttä,8402,Bodo/Glimt,Defender,https://www.fotmob.com/en-GB/players/1037037/isak-dybvik-maatta,Bodo_Glimt_Squad.json
1697412,Isaque,9728,Shakhtar Donetsk,Midfielder,https://www.fotmob.com/en-GB/players/1697412/isaque,Shakhtar_Donetsk_Squad.json
191315,Isco,8603,Real Betis,Midfielder,https://www.fotmob.com/en-GB/players/191315/isco,Real_Betis_Squad.json
1693392,Ismael Barea,8603,Real Betis,Midfielder,https://www.fotmob.com/en-GB/players/1693392/ismael-barea,Real_Betis_Squad.json
1180288,Ismael Saibari,9823,Bayern Munich,Midfielder,https://www.fotmob.com/en-GB/players/1180288/ismael-saibari,Bayern_Munich_Squad.json
906945,Ismail Jakobs,8637,Galatasaray,Defender,https://www.fotmob.com/en-GB/players/906945/ismail-jakobs,Galatasaray_Squad.json
1183589,Ismail Yüksek,8695,Fenerbahce,Midfielder,https://www.fotmob.com/en-GB/players/1183589/ismail-yuksek,Fenerbahce_Squad.json
1406645,Ismaëlo Ganiou,8588,Lens,Defender,https://www.fotmob.com/en-GB/players/1406645/ismaelo-ganiou,Lens_Squad.json
1339345,Issa Doumbia,9768,Sporting CP,Midfielder,https://www.fotmob.com/en-GB/players/1339345/issa-doumbia,Sporting_CP_Squad.json
906920,Ivan Lepinjica,951893,Sabah FK,Midfielder,https://www.fotmob.com/en-GB/players/906920/ivan-lepinjica,Sabah_FK_Squad.json
163670,Ivan Perisic,8640,PSV Eindhoven,Forward,https://www.fotmob.com/en-GB/players/163670/ivan-perisic,PSV_Eindhoven_Squad.json
308841,Ivan Schranz,7787,Slavia Prague,Midfielder,https://www.fotmob.com/en-GB/players/308841/ivan-schranz,Slavia_Prague_Squad.json
1353289,Ivan Smolcic,10171,Como,Defender,https://www.fotmob.com/en-GB/players/1353289/ivan-smolcic,Como_Squad.json
1203946,Iván Azon,10171,Como,Forward,https://www.fotmob.com/en-GB/players/1203946/ivan-azon,Como_Squad.json
1325998,Iván Fresneda,9768,Sporting CP,Defender,https://www.fotmob.com/en-GB/players/1325998/ivan-fresneda,Sporting_CP_Squad.json
1575707,Jack Fletcher,10260,Manchester United,Midfielder,https://www.fotmob.com/en-GB/players/1575707/jack-fletcher,Manchester_United_Squad.json
312765,Jack Grealish,8456,Manchester City,Forward,https://www.fotmob.com/en-GB/players/312765/jack-grealish,Manchester_City_Squad.json
1413963,Jacobo Ramón,10171,Como,Defender,https://www.fotmob.com/en-GB/players/1413963/jacobo-ramon,Como_Squad.json
2081019,Jafar Mukhtarov,951893,Sabah FK,Midfielder,https://www.fotmob.com/en-GB/players/2081019/jafar-mukhtarov,Sabah_FK_Squad.json
1376699,Jakob Segadal Hansen,8478,Viking,Midfielder,https://www.fotmob.com/en-GB/players/1376699/jakob-segadal-hansen,Viking_Squad.json
1021834,Jakub Kiwior,9773,FC Porto,Defender,https://www.fotmob.com/en-GB/players/1021834/jakub-kiwior,FC_Porto_Squad.json
1647596,Jakub Kolísek,7787,Slavia Prague,Midfielder,https://www.fotmob.com/en-GB/players/1647596/jakub-kolisek,Slavia_Prague_Squad.json
891855,Jakub Moder,10235,Feyenoord,Midfielder,https://www.fotmob.com/en-GB/players/891855/jakub-moder,Feyenoord_Squad.json
1156141,Jamal Musiala,9823,Bayern Munich,Midfielder,https://www.fotmob.com/en-GB/players/1156141/jamal-musiala,Bayern_Munich_Squad.json
1074968,Jamie Leweling,10269,VfB Stuttgart,Forward,https://www.fotmob.com/en-GB/players/1074968/jamie-leweling,VfB_Stuttgart_Squad.json
490868,Jan Bednarek,9773,FC Porto,Defender,https://www.fotmob.com/en-GB/players/490868/jan-bednarek,FC_Porto_Squad.json
1690093,Jan Virgili,8342,Club Brugge,Forward,https://www.fotmob.com/en-GB/players/1690093/jan-virgili,Club_Brugge_Squad.json
1511063,Jan Ziólkowski,8686,Roma,Defender,https://www.fotmob.com/en-GB/players/1511063/jan-ziolkowski,Roma_Squad.json
1845215,Jan-Luca Riedl,9789,Borussia Dortmund,Defender,https://www.fotmob.com/en-GB/players/1845215/jan-luca-riedl,Borussia_Dortmund_Squad.json
1159181,Javi López,10235,Feyenoord,Defender,https://www.fotmob.com/en-GB/players/1159181/javi-lopez,Feyenoord_Squad.json
1347241,Jayden Addai,10171,Como,Forward,https://www.fotmob.com/en-GB/players/1347241/jayden-addai,Como_Squad.json
1174351,Jayden Oosterwolde,8695,Fenerbahce,Defender,https://www.fotmob.com/en-GB/players/1174351/jayden-oosterwolde,Fenerbahce_Squad.json
867080,Jeff Chabot,10269,VfB Stuttgart,Defender,https://www.fotmob.com/en-GB/players/867080/jeff-chabot,VfB_Stuttgart_Squad.json
741397,Jens Petter Hauge,8402,Bodo/Glimt,Forward,https://www.fotmob.com/en-GB/players/741397/jens-petter-hauge,Bodo_Glimt_Squad.json
801120,Jens-Lys Cajuste,9875,Napoli,Midfielder,https://www.fotmob.com/en-GB/players/801120/jens-lys-cajuste,Napoli_Squad.json
1876640,Jerayno Schaken,10235,Feyenoord,Forward,https://www.fotmob.com/en-GB/players/1876640/jerayno-schaken,Feyenoord_Squad.json
772104,Jerdy Schouten,8640,PSV Eindhoven,Defender,https://www.fotmob.com/en-GB/players/772104/jerdy-schouten,PSV_Eindhoven_Squad.json
611831,Jeremiah St. Juste,10235,Feyenoord,Defender,https://www.fotmob.com/en-GB/players/611831/jeremiah-st-juste,Feyenoord_Squad.json
966018,Jeremie Frimpong,8650,Liverpool,Defender,https://www.fotmob.com/en-GB/players/966018/jeremie-frimpong,Liverpool_Squad.json
1677188,Jeremy Monga,8456,Manchester City,Forward,https://www.fotmob.com/en-GB/players/1677188/jeremy-monga,Manchester_City_Squad.json
633094,Jesper Daland,8478,Viking,Defender,https://www.fotmob.com/en-GB/players/633094/jesper-daland,Viking_Squad.json
958335,Jesper Lindstrøm,9875,Napoli,Midfielder,https://www.fotmob.com/en-GB/players/958335/jesper-lindstrom,Napoli_Squad.json
1656591,Jesse Bisiwu,8634,Barcelona,Forward,https://www.fotmob.com/en-GB/players/1656591/jesse-bisiwu,Barcelona_Squad.json
1526704,Jesse Derry,9768,Sporting CP,Forward,https://www.fotmob.com/en-GB/players/1526704/jesse-derry,Sporting_CP_Squad.json
1624039,Jesús Rodríguez,10171,Como,Forward,https://www.fotmob.com/en-GB/players/1624039/jesus-rodriguez,Como_Squad.json
1191194,Jhoanner Chávez,8588,Lens,Defender,https://www.fotmob.com/en-GB/players/1191194/jhoanner-chavez,Lens_Squad.json
1946394,Jivayno Zinhagel,10235,Feyenoord,Midfielder,https://www.fotmob.com/en-GB/players/1946394/jivayno-zinhagel,Feyenoord_Squad.json
1479742,Joane Gadou,9789,Borussia Dortmund,Defender,https://www.fotmob.com/en-GB/players/1479742/joane-gadou,Borussia_Dortmund_Squad.json
1489449,Joaquin Seys,8342,Club Brugge,Defender,https://www.fotmob.com/en-GB/players/1489449/joaquin-seys,Club_Brugge_Squad.json
1287373,Jobe Bellingham,9789,Borussia Dortmund,Midfielder,https://www.fotmob.com/en-GB/players/1287373/jobe-bellingham,Borussia_Dortmund_Squad.json
848345,Joe Bell,8478,Viking,Midfielder,https://www.fotmob.com/en-GB/players/848345/joe-bell,Viking_Squad.json
1049665,Joel Mvuka,8402,Bodo/Glimt,Defender,https://www.fotmob.com/en-GB/players/1049665/joel-mvuka,Bodo_Glimt_Squad.json
1354085,Joel Ordóñez,8342,Club Brugge,Defender,https://www.fotmob.com/en-GB/players/1354085/joel-ordonez,Club_Brugge_Squad.json
792429,Joey Veerman,9789,Borussia Dortmund,Midfielder,https://www.fotmob.com/en-GB/players/792429/joey-veerman,Borussia_Dortmund_Squad.json
1203194,Johan Bakayoko,178475,RB Leipzig,Forward,https://www.fotmob.com/en-GB/players/1203194/johan-bakayoko,RB_Leipzig_Squad.json
1520063,Johan Manzambi,10252,Aston Villa,Midfielder,https://www.fotmob.com/en-GB/players/1520063/johan-manzambi,Aston_Villa_Squad.json
356406,John McGinn,10252,Aston Villa,Forward,https://www.fotmob.com/en-GB/players/356406/john-mcginn,Aston_Villa_Squad.json
263653,John Stones,8636,Inter,Defender,https://www.fotmob.com/en-GB/players/263653/john-stones,Inter_Squad.json
1173678,Johnny Cardoso,9906,Atletico Madrid,Midfielder,https://www.fotmob.com/en-GB/players/1173678/johnny-cardoso,Atletico_Madrid_Squad.json
939569,Jonathan David,9906,Atletico Madrid,Forward,https://www.fotmob.com/en-GB/players/939569/jonathan-david,Atletico_Madrid_Squad.json
513072,Jonathan Gradit,8588,Lens,Defender,https://www.fotmob.com/en-GB/players/513072/jonathan-gradit,Lens_Squad.json
469700,Jonathan Tah,9823,Bayern Munich,Defender,https://www.fotmob.com/en-GB/players/469700/jonathan-tah,Bayern_Munich_Squad.json
1316930,Jordan Bos,10235,Feyenoord,Defender,https://www.fotmob.com/en-GB/players/1316930/jordan-bos,Feyenoord_Squad.json
643771,Jordan Lotomba,10235,Feyenoord,Defender,https://www.fotmob.com/en-GB/players/643771/jordan-lotomba,Feyenoord_Squad.json
1552456,Jordy Bawuah,8640,PSV Eindhoven,Midfielder,https://www.fotmob.com/en-GB/players/1552456/jordy-bawuah,PSV_Eindhoven_Squad.json
1807277,Jorge Cestero,8633,Real Madrid,Midfielder,https://www.fotmob.com/en-GB/players/1807277/jorge-cestero,Real_Madrid_Squad.json
1825670,Jorge Rajado,9906,Atletico Madrid,Forward,https://www.fotmob.com/en-GB/players/1825670/jorge-rajado,Atletico_Madrid_Squad.json
1233418,Jorne Spileers,8342,Club Brugge,Defender,https://www.fotmob.com/en-GB/players/1233418/jorne-spileers,Club_Brugge_Squad.json
568571,Joseph Gomez,8650,Liverpool,Defender,https://www.fotmob.com/en-GB/players/568571/joseph-gomez,Liverpool_Squad.json
1187225,Josh Wilson-Esbrand,8456,Manchester City,Defender,https://www.fotmob.com/en-GB/players/1187225/josh-wilson-esbrand,Manchester_City_Squad.json
928454,Josha Vagnoman,10269,VfB Stuttgart,Defender,https://www.fotmob.com/en-GB/players/928454/josha-vagnoman,VfB_Stuttgart_Squad.json
460632,Joshua Kimmich,9823,Bayern Munich,Midfielder,https://www.fotmob.com/en-GB/players/460632/joshua-kimmich,Bayern_Munich_Squad.json
902675,Joshua Kitolano,8402,Bodo/Glimt,Midfielder,https://www.fotmob.com/en-GB/players/902675/joshua-kitolano,Bodo_Glimt_Squad.json
950830,Joshua Zirkzee,10260,Manchester United,Forward,https://www.fotmob.com/en-GB/players/950830/joshua-zirkzee,Manchester_United_Squad.json
950824,Josip Stanisic,9823,Bayern Munich,Defender,https://www.fotmob.com/en-GB/players/950824/josip-stanisic,Bayern_Munich_Squad.json
1070712,Josko Gvardiol,8456,Manchester City,Defender,https://www.fotmob.com/en-GB/players/1070712/josko-gvardiol,Manchester_City_Squad.json
540929,Jostein Gundersen,8402,Bodo/Glimt,Defender,https://www.fotmob.com/en-GB/players/540929/jostein-gundersen,Bodo_Glimt_Squad.json
474589,José Giménez,9906,Atletico Madrid,Defender,https://www.fotmob.com/en-GB/players/474589/jose-gimenez,Atletico_Madrid_Squad.json
617465,Joy-Lance Mickels,951893,Sabah FK,Forward,https://www.fotmob.com/en-GB/players/617465/joy-lance-mickels,Sabah_FK_Squad.json
361757,João Cancelo,8634,Barcelona,Defender,https://www.fotmob.com/en-GB/players/361757/joao-cancelo,Barcelona_Squad.json
1174672,João Gomes,10252,Aston Villa,Midfielder,https://www.fotmob.com/en-GB/players/1174672/joao-gomes,Aston_Villa_Squad.json
1342757,João Neves,9847,Paris Saint-Germain,Midfielder,https://www.fotmob.com/en-GB/players/1342757/joao-neves,Paris_Saint_Germain_Squad.json
1663855,João Simões,9768,Sporting CP,Midfielder,https://www.fotmob.com/en-GB/players/1663855/joao-simoes,Sporting_CP_Squad.json
1643772,Joël van den Berg,8640,PSV Eindhoven,Midfielder,https://www.fotmob.com/en-GB/players/1643772/joel-van-den-berg,PSV_Eindhoven_Squad.json
833219,Juan Foyth,10205,Villarreal,Defender,https://www.fotmob.com/en-GB/players/833219/juan-foyth,Villarreal_Squad.json
852071,Juan Hernández,8603,Real Betis,Forward,https://www.fotmob.com/en-GB/players/852071/juan-hernandez,Real_Betis_Squad.json
1077894,Jude Bellingham,8633,Real Madrid,Midfielder,https://www.fotmob.com/en-GB/players/1077894/jude-bellingham,Real_Madrid_Squad.json
705450,Jules Koundé,8634,Barcelona,Defender,https://www.fotmob.com/en-GB/players/705450/jules-kounde,Barcelona_Squad.json
659272,Julian Ryerson,9789,Borussia Dortmund,Defender,https://www.fotmob.com/en-GB/players/659272/julian-ryerson,Borussia_Dortmund_Squad.json
974753,Julián Álvarez,9906,Atletico Madrid,Forward,https://www.fotmob.com/en-GB/players/974753/julian-alvarez,Atletico_Madrid_Squad.json
1539619,Juma Bah,8456,Manchester City,Defender,https://www.fotmob.com/en-GB/players/1539619/juma-bah,Manchester_City_Squad.json
629539,Jurij Medvedev,6019,Slovan Bratislava,Midfielder,https://www.fotmob.com/en-GB/players/629539/jurij-medvedev,Slovan_Bratislava_Squad.json
942381,Jurriën Timber,9825,Arsenal,Defender,https://www.fotmob.com/en-GB/players/942381/jurrien-timber,Arsenal_Squad.json
1636870,Justin Lerma,9789,Borussia Dortmund,Midfielder,https://www.fotmob.com/en-GB/players/1636870/justin-lerma,Borussia_Dortmund_Squad.json
942368,Jérémy Doku,8456,Manchester City,Forward,https://www.fotmob.com/en-GB/players/942368/jeremy-doku,Manchester_City_Squad.json
1473534,Jérémy Jacquet,8650,Liverpool,Defender,https://www.fotmob.com/en-GB/players/1473534/jeremy-jacquet,Liverpool_Squad.json
743192,Júnior Firpo,8603,Real Betis,Defender,https://www.fotmob.com/en-GB/players/743192/junior-firpo,Real_Betis_Squad.json
441164,Kaan Ayhan,8637,Galatasaray,Defender,https://www.fotmob.com/en-GB/players/441164/kaan-ayhan,Galatasaray_Squad.json
547454,Kaan Kairinen,8563,AEK Athens,Midfielder,https://www.fotmob.com/en-GB/players/547454/kaan-kairinen,AEK_Athens_Squad.json
876149,Kaheem Parris,951893,Sabah FK,Forward,https://www.fotmob.com/en-GB/players/876149/kaheem-parris,Sabah_FK_Squad.json
749736,Kai Havertz,9825,Arsenal,Forward,https://www.fotmob.com/en-GB/players/749736/kai-havertz,Arsenal_Squad.json
1459564,Kaiki,10171,Como,Defender,https://www.fotmob.com/en-GB/players/1459564/kaiki,Como_Squad.json
940976,Kang-In Lee,9906,Atletico Madrid,Forward,https://www.fotmob.com/en-GB/players/940976/kang-lee,Atletico_Madrid_Squad.json
959594,Karim Adeyemi,8634,Barcelona,Midfielder,https://www.fotmob.com/en-GB/players/959594/karim-adeyemi,Barcelona_Squad.json
1029360,Kasper Jørgensen,9977,LASK,Defender,https://www.fotmob.com/en-GB/players/1029360/kasper-jorgensen,LASK_Squad.json
1641114,Kasper Solhaug,8402,Bodo/Glimt,Defender,https://www.fotmob.com/en-GB/players/1641114/kasper-johansen-solhaug,Bodo_Glimt_Squad.json
1483508,Kauã Elias,9728,Shakhtar Donetsk,Forward,https://www.fotmob.com/en-GB/players/1483508/kau-elias,Shakhtar_Donetsk_Squad.json
1750565,Kauã Prates,9789,Borussia Dortmund,Defender,https://www.fotmob.com/en-GB/players/1750565/kaua-prates,Borussia_Dortmund_Squad.json
1108328,Kazimcan Karatas,8637,Galatasaray,Defender,https://www.fotmob.com/en-GB/players/1108328/kazimcan-karatas,Galatasaray_Squad.json
1927055,Kelvin Frimpong,8478,Viking,Forward,https://www.fotmob.com/en-GB/players/1927055/kelvin-frimpong,Viking_Squad.json
1080171,Kelvin Ofori,6019,Slovan Bratislava,Forward,https://www.fotmob.com/en-GB/players/1080171/kelvin-ofori,Slovan_Bratislava_Squad.json
315814,Kenan Bajric,6019,Slovan Bratislava,Defender,https://www.fotmob.com/en-GB/players/315814/kenan-bajric,Slovan_Bratislava_Squad.json
1117570,Kerem Aktürkoglu,8695,Fenerbahce,Forward,https://www.fotmob.com/en-GB/players/1117570/kerem-akturkoglu,Fenerbahce_Squad.json
839750,Kervin Arriaga,8563,AEK Athens,Midfielder,https://www.fotmob.com/en-GB/players/839750/kervin-arriaga,AEK_Athens_Squad.json
169200,Kevin De Bruyne,9875,Napoli,Midfielder,https://www.fotmob.com/en-GB/players/169200/kevin-de-bruyne,Napoli_Squad.json
264221,Kevin Wimmer,6019,Slovan Bratislava,Defender,https://www.fotmob.com/en-GB/players/264221/kevin-wimmer,Slovan_Bratislava_Squad.json
900433,Khvicha Kvaratskhelia,9847,Paris Saint-Germain,Forward,https://www.fotmob.com/en-GB/players/900433/khvicha-kvaratskhelia,Paris_Saint_Germain_Squad.json
1124533,Kilian Sildillia,8640,PSV Eindhoven,Defender,https://www.fotmob.com/en-GB/players/1124533/kilian-sildillia,PSV_Eindhoven_Squad.json
1091973,Koba Koindredi,9768,Sporting CP,Midfielder,https://www.fotmob.com/en-GB/players/1091973/koba-koindredi,Sporting_CP_Squad.json
1292810,Kobbie Mainoo,10260,Manchester United,Midfielder,https://www.fotmob.com/en-GB/players/1292810/kobbie-mainoo,Manchester_United_Squad.json
1337282,Kodai Sano,8640,PSV Eindhoven,Midfielder,https://www.fotmob.com/en-GB/players/1337282/kodai-sano,PSV_Eindhoven_Squad.json
184533,Koke,9906,Atletico Madrid,Midfielder,https://www.fotmob.com/en-GB/players/184533/koke,Atletico_Madrid_Squad.json
526827,Konrad Laimer,9823,Bayern Munich,Defender,https://www.fotmob.com/en-GB/players/526827/konrad-laimer,Bayern_Munich_Squad.json
1536436,Konstantinos Karetsas,9789,Borussia Dortmund,Forward,https://www.fotmob.com/en-GB/players/1536436/konstantinos-karetsas,Borussia_Dortmund_Squad.json
1337884,Konstantinos Koulierakis,8686,Roma,Defender,https://www.fotmob.com/en-GB/players/1337884/konstantinos-koulierakis,Roma_Squad.json
671529,Konstantinos Tsimikas,8650,Liverpool,Defender,https://www.fotmob.com/en-GB/players/671529/konstantinos-tsimikas,Liverpool_Squad.json
1208969,Kristjan Asllani,8636,Inter,Midfielder,https://www.fotmob.com/en-GB/players/1208969/kristjan-asllani,Inter_Squad.json
964535,Kristoffer Askildsen,8478,Viking,Midfielder,https://www.fotmob.com/en-GB/players/964535/kristoffer-askildsen,Viking_Squad.json
313128,Kristoffer Haugen,8478,Viking,Defender,https://www.fotmob.com/en-GB/players/313128/kristoffer-haugen,Viking_Squad.json
1118147,Krystof Danek,9977,LASK,Midfielder,https://www.fotmob.com/en-GB/players/1118147/krystof-danek,LASK_Squad.json
1643842,Kwame Tabiri,10235,Feyenoord,Midfielder,https://www.fotmob.com/en-GB/players/1643842/kwame-tabiri,Feyenoord_Squad.json
701154,Kylian Mbappé,8633,Real Madrid,Forward,https://www.fotmob.com/en-GB/players/701154/kylian-mbappe,Real_Madrid_Squad.json
1685514,Kyllian Antonio,8588,Lens,Defender,https://www.fotmob.com/en-GB/players/1685514/kyllian-antonio,Lens_Squad.json
1227590,Kyriani Sabbe,8342,Club Brugge,Defender,https://www.fotmob.com/en-GB/players/1227590/kyriani-sabbe,Club_Brugge_Squad.json
1190033,Lamare Bogarde,10252,Aston Villa,Midfielder,https://www.fotmob.com/en-GB/players/1190033/lamare-bogarde,Aston_Villa_Squad.json
1467236,Lamine Yamal,8634,Barcelona,Forward,https://www.fotmob.com/en-GB/players/1467236/lamine-yamal,Barcelona_Squad.json
90009977,LASK Keepers,9977,LASK,Goalkeeper,https://www.fotmob.com/en-GB/teams/9977/squad/lask,LASK_Squad.json
850858,Lassina Traoré,9728,Shakhtar Donetsk,Forward,https://www.fotmob.com/en-GB/players/850858/lassina-traor,Shakhtar_Donetsk_Squad.json
690230,Lautaro Martínez,8636,Inter,Forward,https://www.fotmob.com/en-GB/players/690230/lautaro-martinez,Inter_Squad.json
1518938,Lazar Jovanovic,10269,VfB Stuttgart,Forward,https://www.fotmob.com/en-GB/players/1518938/lazar-jovanovic,VfB_Stuttgart_Squad.json
949866,Lazaros Rota,8563,AEK Athens,Defender,https://www.fotmob.com/en-GB/players/949866/lazaros-rota,AEK_Athens_Squad.json
1737700,Lennart Karl,9823,Bayern Munich,Forward,https://www.fotmob.com/en-GB/players/1737700/lennart-karl,Bayern_Munich_Squad.json
90008588,Lens Keepers,8588,Lens,Goalkeeper,https://www.fotmob.com/en-GB/teams/8588/squad/lens,Lens_Squad.json
1358581,Leny Yoro,10260,Manchester United,Defender,https://www.fotmob.com/en-GB/players/1358581/leny-yoro,Manchester_United_Squad.json
2093218,Leo Hofstadter,6019,Slovan Bratislava,Midfielder,https://www.fotmob.com/en-GB/players/2093218/leo-hofstadter,Slovan_Bratislava_Squad.json
1425998,Leo Sauer,10269,VfB Stuttgart,Forward,https://www.fotmob.com/en-GB/players/1425998/leo-sauer,VfB_Stuttgart_Squad.json
671331,Leon Bailey,10252,Aston Villa,Forward,https://www.fotmob.com/en-GB/players/671331/leon-bailey,Aston_Villa_Squad.json
343748,Leon Goretzka,10252,Aston Villa,Midfielder,https://www.fotmob.com/en-GB/players/343748/leon-goretzka,Aston_Villa_Squad.json
215242,Leonardo Spinazzola,9875,Napoli,Defender,https://www.fotmob.com/en-GB/players/215242/leonardo-spinazzola,Napoli_Squad.json
1019947,Leonidas Stergiou,10269,VfB Stuttgart,Defender,https://www.fotmob.com/en-GB/players/1019947/leonidas-stergiou,VfB_Stuttgart_Squad.json
530859,Leroy Sané,8637,Galatasaray,Forward,https://www.fotmob.com/en-GB/players/530859/leroy-sane,Galatasaray_Squad.json
1200631,Lesley Ugochukwu,8637,Galatasaray,Midfielder,https://www.fotmob.com/en-GB/players/1200631/lesley-ugochukwu,Galatasaray_Squad.json
1080172,Levent Mercan,8695,Fenerbahce,Defender,https://www.fotmob.com/en-GB/players/1080172/levent-mercan,Fenerbahce_Squad.json
90008639,Lille Keepers,8639,Lille,Goalkeeper,https://www.fotmob.com/en-GB/teams/8639/squad/lille,Lille_Squad.json
847983,Lisandro Martínez,10260,Manchester United,Defender,https://www.fotmob.com/en-GB/players/847983/lisandro-martinez,Manchester_United_Squad.json
90008650,Liverpool Keepers,8650,Liverpool,Goalkeeper,https://www.fotmob.com/en-GB/teams/8650/squad/liverpool,Liverpool_Squad.json
922877,Logan Costa,10205,Villarreal,Defender,https://www.fotmob.com/en-GB/players/922877/logan-costa,Villarreal_Squad.json
1192406,Lorenz Assignon,10269,VfB Stuttgart,Defender,https://www.fotmob.com/en-GB/players/1192406/lorenz-assignon,VfB_Stuttgart_Squad.json
1212630,Lorenzo Lucca,9875,Napoli,Forward,https://www.fotmob.com/en-GB/players/1212630/lorenzo-lucca,Napoli_Squad.json
540307,Lorenzo Pellegrini,8686,Roma,Midfielder,https://www.fotmob.com/en-GB/players/540307/lorenzo-pellegrini,Roma_Squad.json
1660370,Loun Srdanovic,8639,Lille,Defender,https://www.fotmob.com/en-GB/players/1660370/loun-srdanovic,Lille_Squad.json
762721,Lovro Majer,8563,AEK Athens,Midfielder,https://www.fotmob.com/en-GB/players/762721/lovro-majer,AEK_Athens_Squad.json
1270002,Luca Jaquez,10269,VfB Stuttgart,Defender,https://www.fotmob.com/en-GB/players/1270002/luca-jaquez,VfB_Stuttgart_Squad.json
1529148,Luca Marianucci,9875,Napoli,Defender,https://www.fotmob.com/en-GB/players/1529148/luca-marianucci,Napoli_Squad.json
513982,Luca Mazzitelli,10171,Como,Midfielder,https://www.fotmob.com/en-GB/players/513982/luca-mazzitelli,Como_Squad.json
1694887,Luca Meirelles,9728,Shakhtar Donetsk,Forward,https://www.fotmob.com/en-GB/players/1694887/luca-meirelles,Shakhtar_Donetsk_Squad.json
1845173,Luca Reggiani,9789,Borussia Dortmund,Defender,https://www.fotmob.com/en-GB/players/1845173/luca-reggiani,Borussia_Dortmund_Squad.json
1255209,Lucas Beraldo,9847,Paris Saint-Germain,Defender,https://www.fotmob.com/en-GB/players/1255209/lucas-beraldo,Paris_Saint_Germain_Squad.json
1076647,Lucas Da Cunha,10171,Como,Midfielder,https://www.fotmob.com/en-GB/players/1076647/lucas-da-cunha,Como_Squad.json
210111,Lucas Digne,9847,Paris Saint-Germain,Defender,https://www.fotmob.com/en-GB/players/210111/lucas-digne,Paris_Saint_Germain_Squad.json
1699018,Lucas Ferreira,9728,Shakhtar Donetsk,Forward,https://www.fotmob.com/en-GB/players/1699018/lucas-ferreira,Shakhtar_Donetsk_Squad.json
504606,Lucas Hernández,9847,Paris Saint-Germain,Defender,https://www.fotmob.com/en-GB/players/504606/lucas-hernandez,Paris_Saint_Germain_Squad.json
592909,Lucas Torreira,8637,Galatasaray,Midfielder,https://www.fotmob.com/en-GB/players/592909/lucas-torreira,Galatasaray_Squad.json
1256180,Luciano Valente,10235,Feyenoord,Midfielder,https://www.fotmob.com/en-GB/players/1256180/luciano-valente,Feyenoord_Squad.json
860914,Luis Díaz,9823,Bayern Munich,Forward,https://www.fotmob.com/en-GB/players/860914/luis-diaz,Bayern_Munich_Squad.json
1114635,Luis Henrique,8636,Inter,Midfielder,https://www.fotmob.com/en-GB/players/1114635/luis-henrique,Inter_Squad.json
638090,Luis Milla,10171,Como,Midfielder,https://www.fotmob.com/en-GB/players/638090/luis-milla,Como_Squad.json
792303,Luis Suárez,9768,Sporting CP,Forward,https://www.fotmob.com/en-GB/players/792303/luis-suarez,Sporting_CP_Squad.json
688297,Luka Ivanusec,10235,Feyenoord,Midfielder,https://www.fotmob.com/en-GB/players/688297/luka-ivanusec,Feyenoord_Squad.json
463291,Luka Jovic,8563,AEK Athens,Forward,https://www.fotmob.com/en-GB/players/463291/luka-jovic,AEK_Athens_Squad.json
526657,Lukas Klostermann,178475,RB Leipzig,Defender,https://www.fotmob.com/en-GB/players/526657/lukas-klostermann,RB_Leipzig_Squad.json
362694,Luke Shaw,10260,Manchester United,Defender,https://www.fotmob.com/en-GB/players/362694/luke-shaw,Manchester_United_Squad.json
791682,Lukás Provod,7787,Slavia Prague,Midfielder,https://www.fotmob.com/en-GB/players/791682/lukas-provod,Slavia_Prague_Squad.json
881640,Lutsharel Geertruida,8640,PSV Eindhoven,Defender,https://www.fotmob.com/en-GB/players/881640/lutsharel-geertruida,PSV_Eindhoven_Squad.json
1458757,Luís Guilherme,9768,Sporting CP,Forward,https://www.fotmob.com/en-GB/players/1458757/luis-guilherme,Sporting_CP_Squad.json
1178442,Lynnt Audoor,8342,Club Brugge,Midfielder,https://www.fotmob.com/en-GB/players/1178442/lynnt-audoor,Club_Brugge_Squad.json
1305618,Maghnes Akliouche,9847,Paris Saint-Germain,Forward,https://www.fotmob.com/en-GB/players/1305618/maghnes-akliouche,Paris_Saint_Germain_Squad.json
1126421,Magnus Bech Riisnæs,8402,Bodo/Glimt,Defender,https://www.fotmob.com/en-GB/players/1126421/magnus-bech-riisnaes,Bodo_Glimt_Squad.json
1581706,Mahamoud Barry,10205,Villarreal,Midfielder,https://www.fotmob.com/en-GB/players/1581706/mahamoud-barry,Villarreal_Squad.json
1053713,Maik Nawrocki,8588,Lens,Defender,https://www.fotmob.com/en-GB/players/1053713/maik-nawrocki,Lens_Squad.json
1484998,Mamadou Diakhon,8342,Club Brugge,Forward,https://www.fotmob.com/en-GB/players/1484998/mamadou-diakhon,Club_Brugge_Squad.json
1959190,Manasse Kianga,6019,Slovan Bratislava,Forward,https://www.fotmob.com/en-GB/players/1959190/manasse-kianga,Slovan_Bratislava_Squad.json
90008456,Manchester City Keepers,8456,Manchester City,Goalkeeper,https://www.fotmob.com/en-GB/teams/8456/squad/manchester-city,Manchester_City_Squad.json
90010260,Manchester United Keepers,10260,Manchester United,Goalkeeper,https://www.fotmob.com/en-GB/teams/10260/squad/manchester-united,Manchester_United_Squad.json
1863042,Manoël Verhaeghe,9977,LASK,Defender,https://www.fotmob.com/en-GB/players/1863042/manoel-verhaeghe,LASK_Squad.json
1016132,Manu Koné,8686,Roma,Midfielder,https://www.fotmob.com/en-GB/players/1016132/manu-kone,Roma_Squad.json
521318,Manuel Akanji,8636,Inter,Defender,https://www.fotmob.com/en-GB/players/521318/manuel-akanji,Inter_Squad.json
1035614,Manuel Ugarte,10260,Manchester United,Midfielder,https://www.fotmob.com/en-GB/players/1035614/manuel-ugarte,Manchester_United_Squad.json
195305,Marc Bartra,8603,Real Betis,Defender,https://www.fotmob.com/en-GB/players/195305/marc-bartra,Real_Betis_Squad.json
1573126,Marc Bernal,8634,Barcelona,Midfielder,https://www.fotmob.com/en-GB/players/1573126/marc-bernal,Barcelona_Squad.json
1384883,Marc Casadó,8634,Barcelona,Midfielder,https://www.fotmob.com/en-GB/players/1384883/marc-casado,Barcelona_Squad.json
873289,Marc Cucurella,8633,Real Madrid,Defender,https://www.fotmob.com/en-GB/players/873289/marc-cucurella,Real_Madrid_Squad.json
844425,Marc Guéhi,8456,Manchester City,Defender,https://www.fotmob.com/en-GB/players/844425/marc-guehi,Manchester_City_Squad.json
1323897,Marc Pubill,9906,Atletico Madrid,Defender,https://www.fotmob.com/en-GB/players/1323897/marc-pubill,Atletico_Madrid_Squad.json
640220,Marc Roca,8603,Real Betis,Midfielder,https://www.fotmob.com/en-GB/players/640220/marc-roca,Real_Betis_Squad.json
355356,Marc-Oliver Kempf,10171,Como,Defender,https://www.fotmob.com/en-GB/players/355356/marc-oliver-kempf,Como_Squad.json
215151,Marcel Sabitzer,9789,Borussia Dortmund,Midfielder,https://www.fotmob.com/en-GB/players/215151/marcel-sabitzer,Borussia_Dortmund_Squad.json
498033,Marco Asensio,8695,Fenerbahce,Midfielder,https://www.fotmob.com/en-GB/players/498033/marco-asensio,Fenerbahce_Squad.json
602563,Marcos Llorente,9906,Atletico Madrid,Defender,https://www.fotmob.com/en-GB/players/602563/marcos-llorente,Atletico_Madrid_Squad.json
696365,Marcus Rashford,10260,Manchester United,Forward,https://www.fotmob.com/en-GB/players/696365/marcus-rashford,Manchester_United_Squad.json
621562,Marcus Thuram,8636,Inter,Forward,https://www.fotmob.com/en-GB/players/621562/marcus-thuram,Inter_Squad.json
671203,Mario Hermoso,8686,Roma,Defender,https://www.fotmob.com/en-GB/players/671203/mario-hermoso,Roma_Squad.json
421786,Mario Lemina,8637,Galatasaray,Midfielder,https://www.fotmob.com/en-GB/players/421786/mario-lemina,Galatasaray_Squad.json
1175942,Marlon Mustapha,10171,Como,Forward,https://www.fotmob.com/en-GB/players/1175942/marlon-mustapha,Como_Squad.json
267365,Marquinhos,9847,Paris Saint-Germain,Defender,https://www.fotmob.com/en-GB/players/267365/marquinhos,Paris_Saint_Germain_Squad.json
1404949,Martim Fernandes,9773,FC Porto,Defender,https://www.fotmob.com/en-GB/players/1404949/martim-fernandes,FC_Porto_Squad.json
1215064,Martin Baturina,10171,Como,Forward,https://www.fotmob.com/en-GB/players/1215064/martin-baturina,Como_Squad.json
1295674,Martin Georgiev,8563,AEK Athens,Defender,https://www.fotmob.com/en-GB/players/1295674/martin-georgiev,AEK_Athens_Squad.json
633595,Martin Roseth,8478,Viking,Defender,https://www.fotmob.com/en-GB/players/633595/martin-roseth,Viking_Squad.json
534670,Martin Ødegaard,9825,Arsenal,Midfielder,https://www.fotmob.com/en-GB/players/534670/martin-odegaard,Arsenal_Squad.json
1031325,Martín Zubimendi,9825,Arsenal,Midfielder,https://www.fotmob.com/en-GB/players/1031325/martin-zubimendi,Arsenal_Squad.json
1845228,Marwan Mirza,9789,Borussia Dortmund,Midfielder,https://www.fotmob.com/en-GB/players/1845228/marwan-omir-mirza,Borussia_Dortmund_Squad.json
950473,Mason Greenwood,8695,Fenerbahce,Forward,https://www.fotmob.com/en-GB/players/950473/mason-greenwood,Fenerbahce_Squad.json
750032,Mason Mount,10260,Manchester United,Midfielder,https://www.fotmob.com/en-GB/players/750032/mason-mount,Manchester_United_Squad.json
239219,Mateo Kovacic,8456,Manchester City,Midfielder,https://www.fotmob.com/en-GB/players/239219/mateo-kovacic,Manchester_City_Squad.json
863098,Matheus Cunha,10260,Manchester United,Forward,https://www.fotmob.com/en-GB/players/863098/matheus-cunha,Manchester_United_Squad.json
955529,Matheus Nunes,8456,Manchester City,Defender,https://www.fotmob.com/en-GB/players/955529/matheus-nunes,Manchester_City_Squad.json
1677228,Mathias Olsen,8402,Bodo/Glimt,Defender,https://www.fotmob.com/en-GB/players/1677228/mathias-blix-olsen,Bodo_Glimt_Squad.json
1692797,Mathis Albert,9789,Borussia Dortmund,Forward,https://www.fotmob.com/en-GB/players/1692797/mathis-albert,Borussia_Dortmund_Squad.json
729093,Mathías Olivera,9875,Napoli,Defender,https://www.fotmob.com/en-GB/players/729093/mathias-olivera,Napoli_Squad.json
1444231,Matias Fernandez-Pardo,8639,Lille,Forward,https://www.fotmob.com/en-GB/players/1444231/matias-fernandez-pardo,Lille_Squad.json
1675410,Matias Høgsæt Jaiteh,8402,Bodo/Glimt,Defender,https://www.fotmob.com/en-GB/players/1675410/matias-jaiteh,Bodo_Glimt_Squad.json
1280082,Matias Soulé,8686,Roma,Midfielder,https://www.fotmob.com/en-GB/players/1280082/matias-soule,Roma_Squad.json
630494,Mats Deijl,10235,Feyenoord,Defender,https://www.fotmob.com/en-GB/players/630494/mats-deijl,Feyenoord_Squad.json
1315821,Matteo Dams,8342,Club Brugge,Defender,https://www.fotmob.com/en-GB/players/1315821/matteo-dams,Club_Brugge_Squad.json
415539,Matteo Politano,9875,Napoli,Forward,https://www.fotmob.com/en-GB/players/415539/matteo-politano,Napoli_Squad.json
1051097,Matteo Ruggeri,10252,Aston Villa,Defender,https://www.fotmob.com/en-GB/players/1051097/matteo-ruggeri,Aston_Villa_Squad.json
1073496,Matthias Braunöder,10171,Como,Midfielder,https://www.fotmob.com/en-GB/players/1073496/matthias-braunoder,Como_Squad.json
660326,Matthieu Udol,8588,Lens,Defender,https://www.fotmob.com/en-GB/players/660326/matthieu-udol,Lens_Squad.json
769895,Matthijs de Ligt,10260,Manchester United,Defender,https://www.fotmob.com/en-GB/players/769895/matthijs-de-ligt,Manchester_United_Squad.json
1593861,Mattia Liberali,10171,Como,Midfielder,https://www.fotmob.com/en-GB/players/1593861/mattia-liberali,Como_Squad.json
1483089,Mattia Mannini,8686,Roma,Midfielder,https://www.fotmob.com/en-GB/players/1483089/mattia-mannini,Roma_Squad.json
729731,Matty Cash,10252,Aston Villa,Defender,https://www.fotmob.com/en-GB/players/729731/matty-cash,Aston_Villa_Squad.json
800609,Mattéo Guendouzi,8695,Fenerbahce,Midfielder,https://www.fotmob.com/en-GB/players/800609/matteo-guendouzi,Fenerbahce_Squad.json
1820841,Matús Tomásko,6019,Slovan Bratislava,Defender,https://www.fotmob.com/en-GB/players/1820841/matus-tomasko,Slovan_Bratislava_Squad.json
873556,Mauro Júnior,8640,PSV Eindhoven,Defender,https://www.fotmob.com/en-GB/players/873556/mauro-junior,PSV_Eindhoven_Squad.json
1635773,Max Dowman,9825,Arsenal,Forward,https://www.fotmob.com/en-GB/players/1635773/max-dowman,Arsenal_Squad.json
1529161,Max Finkgräfe,178475,RB Leipzig,Defender,https://www.fotmob.com/en-GB/players/1529161/max-finkgrafe,RB_Leipzig_Squad.json
846000,Maxence Caqueret,10171,Como,Midfielder,https://www.fotmob.com/en-GB/players/846000/maxence-caqueret,Como_Squad.json
1031656,Maxi Araújo,9768,Sporting CP,Defender,https://www.fotmob.com/en-GB/players/1031656/maxi-araujo,Sporting_CP_Squad.json
1250443,Maxime Estève,178475,RB Leipzig,Defender,https://www.fotmob.com/en-GB/players/1250443/maxime-esteve,RB_Leipzig_Squad.json
1047667,Maximilian Beier,9789,Borussia Dortmund,Midfielder,https://www.fotmob.com/en-GB/players/1047667/maximilian-beier,Borussia_Dortmund_Squad.json
614384,Maximilian Mittelstädt,10269,VfB Stuttgart,Defender,https://www.fotmob.com/en-GB/players/614384/maximilian-mittelstadt,VfB_Stuttgart_Squad.json
1108604,Melayro Bogarde,9977,LASK,Midfielder,https://www.fotmob.com/en-GB/players/1108604/melayro-bogarde,LASK_Squad.json
796006,Mert Hakan Yandas,8695,Fenerbahce,Midfielder,https://www.fotmob.com/en-GB/players/796006/mert-hakan-yandas,Fenerbahce_Squad.json
904098,Mert Müldür,8695,Fenerbahce,Defender,https://www.fotmob.com/en-GB/players/904098/mert-muldur,Fenerbahce_Squad.json
1980586,Mezian Soares,8588,Lens,Midfielder,https://www.fotmob.com/en-GB/players/1980586/mezian-soares,Lens_Squad.json
822440,Michael Folorunsho,9875,Napoli,Midfielder,https://www.fotmob.com/en-GB/players/822440/michael-folorunsho,Napoli_Squad.json
1029063,Michael Olise,9823,Bayern Munich,Forward,https://www.fotmob.com/en-GB/players/1029063/michael-olise,Bayern_Munich_Squad.json
806551,Michal Sadílek,7787,Slavia Prague,Midfielder,https://www.fotmob.com/en-GB/players/806551/michal-sadilek,Slavia_Prague_Squad.json
954190,Michal Skóras,8588,Lens,Midfielder,https://www.fotmob.com/en-GB/players/954190/michal-skoras,Lens_Squad.json
861445,Michaël Cuisance,8588,Lens,Midfielder,https://www.fotmob.com/en-GB/players/861445/michael-cuisance,Lens_Squad.json
1845223,Miguel Adje,9789,Borussia Dortmund,Defender,https://www.fotmob.com/en-GB/players/1845223/miguel-adje,Borussia_Dortmund_Squad.json
1420822,Miguel Freckleton,9977,LASK,Defender,https://www.fotmob.com/en-GB/players/1420822/miguel-freckleton,LASK_Squad.json
448859,Mijat Gacinovic,8563,AEK Athens,Midfielder,https://www.fotmob.com/en-GB/players/448859/mijat-gacinovic,AEK_Athens_Squad.json
1396372,Mika Godts,9847,Paris Saint-Germain,Forward,https://www.fotmob.com/en-GB/players/1396372/mika-godts,Paris_Saint_Germain_Squad.json
1225450,Mika Mármol,10235,Feyenoord,Defender,https://www.fotmob.com/en-GB/players/1225450/mika-marmol,Feyenoord_Squad.json
574645,Mikel Merino,9825,Arsenal,Midfielder,https://www.fotmob.com/en-GB/players/574645/mikel-merino,Arsenal_Squad.json
1695316,Mikkel Bro,8402,Bodo/Glimt,Forward,https://www.fotmob.com/en-GB/players/1695316/mikkel-bro,Bodo_Glimt_Squad.json
1405567,Mikulás Konecny,7787,Slavia Prague,Defender,https://www.fotmob.com/en-GB/players/1405567/mikulas-konecny,Slavia_Prague_Squad.json
309328,Milan Skriniar,8695,Fenerbahce,Defender,https://www.fotmob.com/en-GB/players/309328/milan-skriniar,Fenerbahce_Squad.json
1195281,Milos Kerkez,8650,Liverpool,Defender,https://www.fotmob.com/en-GB/players/1195281/milos-kerkez,Liverpool_Squad.json
1197823,Milán Vitális,8563,AEK Athens,Midfielder,https://www.fotmob.com/en-GB/players/1197823/milan-vitalis,AEK_Athens_Squad.json
828159,Min-Jae Kim,9823,Bayern Munich,Defender,https://www.fotmob.com/en-GB/players/828159/min-jae-kim,Bayern_Munich_Squad.json
1700267,Mirza Catovic,10269,VfB Stuttgart,Midfielder,https://www.fotmob.com/en-GB/players/1700267/mirza-catovic,VfB_Stuttgart_Squad.json
1714552,Modou Kéba Cissé,10252,Aston Villa,Defender,https://www.fotmob.com/en-GB/players/1714552/modou-keba-cisse,Aston_Villa_Squad.json
891373,Mohamed Bayo,8639,Lille,Forward,https://www.fotmob.com/en-GB/players/891373/mohamed-bayo,Lille_Squad.json
988769,Mojmír Chytil,7787,Slavia Prague,Forward,https://www.fotmob.com/en-GB/players/988769/mojmir-chytil,Slavia_Prague_Squad.json
1755850,Moncef Zekri,9768,Sporting CP,Defender,https://www.fotmob.com/en-GB/players/1755850/moncef-zekri,Sporting_CP_Squad.json
950199,Morten Hjulmand,9906,Atletico Madrid,Midfielder,https://www.fotmob.com/en-GB/players/950199/morten-hjulmand,Atletico_Madrid_Squad.json
1366348,Moses Usor,9977,LASK,Forward,https://www.fotmob.com/en-GB/players/1366348/moses-usor,LASK_Squad.json
1840847,Mubarak Suleiman,7787,Slavia Prague,Midfielder,https://www.fotmob.com/en-GB/players/1840847/mubarak-suleiman,Slavia_Prague_Squad.json
1870188,Muhammed Bah,8686,Roma,Midfielder,https://www.fotmob.com/en-GB/players/1870188/muhammed-bah,Roma_Squad.json
1684432,Mussa Kaba,9789,Borussia Dortmund,Midfielder,https://www.fotmob.com/en-GB/players/1684432/mussa-kaba,Borussia_Dortmund_Squad.json
1178468,Mykola Kukharevych,6019,Slovan Bratislava,Forward,https://www.fotmob.com/en-GB/players/1178468/mykola-kukharevych,Slovan_Bratislava_Squad.json
656667,Mykola Matviyenko,9728,Shakhtar Donetsk,Defender,https://www.fotmob.com/en-GB/players/656667/mykola-matviyenko,Shakhtar_Donetsk_Squad.json
1406436,Myles Lewis-Skelly,9825,Arsenal,Defender,https://www.fotmob.com/en-GB/players/1406436/myles-lewis-skelly,Arsenal_Squad.json
866517,Myron Boadu,8640,PSV Eindhoven,Forward,https://www.fotmob.com/en-GB/players/866517/myron-boadu,PSV_Eindhoven_Squad.json
1336582,Máximo Perrone,10171,Como,Midfielder,https://www.fotmob.com/en-GB/players/1336582/maximo-perrone,Como_Squad.json
319300,N'Golo Kanté,8695,Fenerbahce,Midfielder,https://www.fotmob.com/en-GB/players/319300/ngolo-kante,Fenerbahce_Squad.json
500520,Nabil Bentaleb,8639,Lille,Midfielder,https://www.fotmob.com/en-GB/players/500520/nabil-bentaleb,Lille_Squad.json
1382019,Nacho Ferri,10235,Feyenoord,Forward,https://www.fotmob.com/en-GB/players/1382019/nacho-ferri,Feyenoord_Squad.json
1756283,Nael Kane,9977,LASK,Forward,https://www.fotmob.com/en-GB/players/1756283/nael-kane,LASK_Squad.json
726345,Nahuel Molina,8686,Roma,Defender,https://www.fotmob.com/en-GB/players/726345/nahuel-molina,Roma_Squad.json
90009875,Napoli Keepers,9875,Napoli,Goalkeeper,https://www.fotmob.com/en-GB/teams/9875/squad/napoli,Napoli_Squad.json
1188375,Natan,8603,Real Betis,Defender,https://www.fotmob.com/en-GB/players/1188375/natan,Real_Betis_Squad.json
417068,Nathan Aké,8695,Fenerbahce,Defender,https://www.fotmob.com/en-GB/players/417068/nathan-ake,Fenerbahce_Squad.json
1252070,Nathan Ngoy,8639,Lille,Defender,https://www.fotmob.com/en-GB/players/1252070/nathan-ngoy,Lille_Squad.json
1216798,Nathan Saliba,10205,Villarreal,Midfielder,https://www.fotmob.com/en-GB/players/1216798/nathan-saliba,Villarreal_Squad.json
1395447,Nathaniel Brown,9823,Bayern Munich,Defender,https://www.fotmob.com/en-GB/players/1395447/nathaniel-brown,Bayern_Munich_Squad.json
902383,Nehuén Pérez,9773,FC Porto,Defender,https://www.fotmob.com/en-GB/players/902383/nehuen-perez,FC_Porto_Squad.json
1274060,Neil El Aynaoui,8686,Roma,Midfielder,https://www.fotmob.com/en-GB/players/1274060/neil-el-aynaoui,Roma_Squad.json
1315711,Nelson Deossa,8603,Real Betis,Midfielder,https://www.fotmob.com/en-GB/players/1315711/nelson-deossa,Real_Betis_Squad.json
1083890,Neraysho Kasanwirjo,10235,Feyenoord,Defender,https://www.fotmob.com/en-GB/players/1083890/neraysho-kasanwirjo,Feyenoord_Squad.json
1327214,Nestory Irankunda,9768,Sporting CP,Midfielder,https://www.fotmob.com/en-GB/players/1327214/nestory-irankunda,Sporting_CP_Squad.json
1516203,Newerton,9728,Shakhtar Donetsk,Forward,https://www.fotmob.com/en-GB/players/1516203/newerton,Shakhtar_Donetsk_Squad.json
1428153,Ngal Ayel Mukau,8639,Lille,Forward,https://www.fotmob.com/en-GB/players/1428153/ngal-ayel-mukau,Lille_Squad.json
1451196,Niccolò Pisilli,8686,Roma,Midfielder,https://www.fotmob.com/en-GB/players/1451196/niccolo-pisilli,Roma_Squad.json
694964,Nicholas D'Agostino,8478,Viking,Forward,https://www.fotmob.com/en-GB/players/694964/nicholas-dagostino,Viking_Squad.json
1300526,Nico O'Reilly,8456,Manchester City,Defender,https://www.fotmob.com/en-GB/players/1300526/nico-oreilly,Manchester_City_Squad.json
1347574,Nico Paz,10171,Como,Midfielder,https://www.fotmob.com/en-GB/players/1347574/nico-paz,Como_Squad.json
1002058,Nico Schlotterbeck,9789,Borussia Dortmund,Defender,https://www.fotmob.com/en-GB/players/1002058/nico-schlotterbeck,Borussia_Dortmund_Squad.json
575735,Nicolas Pépé,10205,Villarreal,Midfielder,https://www.fotmob.com/en-GB/players/575735/nicolas-pepe,Villarreal_Squad.json
1024672,Nicolas Seiwald,178475,RB Leipzig,Midfielder,https://www.fotmob.com/en-GB/players/1024672/nicolas-seiwald,RB_Leipzig_Squad.json
888745,Nicolas-Gerrit Kühn,10171,Como,Forward,https://www.fotmob.com/en-GB/players/888745/nicolas-gerrit-kuhn,Como_Squad.json
541820,Nicolò Barella,8636,Inter,Midfielder,https://www.fotmob.com/en-GB/players/541820/nicolo-barella,Inter_Squad.json
1334552,Nicolò Tresoldi,8342,Club Brugge,Forward,https://www.fotmob.com/en-GB/players/1334552/nicolo-tresoldi,Club_Brugge_Squad.json
1657810,Nidal Celik,8588,Lens,Defender,https://www.fotmob.com/en-GB/players/1657810/nidal-celik,Lens_Squad.json
1636186,Niklas Fuglestad,8478,Viking,Forward,https://www.fotmob.com/en-GB/players/1636186/niklas-fuglestad,Viking_Squad.json
1449716,Nino Marcelli,6019,Slovan Bratislava,Forward,https://www.fotmob.com/en-GB/players/1449716/nino-marcelli,Slovan_Bratislava_Squad.json
837341,Noa Lang,9875,Napoli,Forward,https://www.fotmob.com/en-GB/players/837341/noa-lang,Napoli_Squad.json
1603990,Noah Edjouma,8639,Lille,Forward,https://www.fotmob.com/en-GB/players/1603990/noah-edjouma,Lille_Squad.json
1084981,Noni Madueke,9825,Arsenal,Forward,https://www.fotmob.com/en-GB/players/1084981/noni-madueke,Arsenal_Squad.json
1526621,Nosa Edward Obaretin,9875,Napoli,Defender,https://www.fotmob.com/en-GB/players/1526621/nosa-edward-obaretin,Napoli_Squad.json
775539,Noussair Mazraoui,10260,Manchester United,Defender,https://www.fotmob.com/en-GB/players/775539/noussair-mazraoui,Manchester_United_Squad.json
1158945,Nuno Mendes,9847,Paris Saint-Germain,Defender,https://www.fotmob.com/en-GB/players/1158945/nuno-mendes,Paris_Saint_Germain_Squad.json
554283,Nuno Santos,9768,Sporting CP,Forward,https://www.fotmob.com/en-GB/players/554283/nuno-santos,Sporting_CP_Squad.json
470834,Nélson Semedo,8695,Fenerbahce,Defender,https://www.fotmob.com/en-GB/players/470834/nelson-semedo,Fenerbahce_Squad.json
1254394,Obed Vargas,9906,Atletico Madrid,Midfielder,https://www.fotmob.com/en-GB/players/1254394/obed-vargas,Atletico_Madrid_Squad.json
917774,Odin Lurås Bjørtuft,8402,Bodo/Glimt,Defender,https://www.fotmob.com/en-GB/players/917774/odin-luras-bjortuft,Bodo_Glimt_Squad.json
637746,Odsonne Édouard,8588,Lens,Forward,https://www.fotmob.com/en-GB/players/637746/odsonne-edouard,Lens_Squad.json
1666975,Ognjen Mimovic,8695,Fenerbahce,Defender,https://www.fotmob.com/en-GB/players/1666975/ognjen-mimovic,Fenerbahce_Squad.json
1092015,Oguz Aydin,8695,Fenerbahce,Forward,https://www.fotmob.com/en-GB/players/1092015/oguz-aydin,Fenerbahce_Squad.json
837066,Ola Brynhildsen,8402,Bodo/Glimt,Forward,https://www.fotmob.com/en-GB/players/837066/ola-brynhildsen,Bodo_Glimt_Squad.json
1636179,Ola Visted,8478,Viking,Midfielder,https://www.fotmob.com/en-GB/players/1636179/ola-visted,Viking_Squad.json
1086551,Ole Blomberg,8402,Bodo/Glimt,Forward,https://www.fotmob.com/en-GB/players/1086551/ole-blomberg,Bodo_Glimt_Squad.json
1192419,Oleg Ocheretko,9728,Shakhtar Donetsk,Midfielder,https://www.fotmob.com/en-GB/players/1192419/oleg-ocheretko,Shakhtar_Donetsk_Squad.json
510843,Oleksandr Karavaev,9728,Shakhtar Donetsk,Defender,https://www.fotmob.com/en-GB/players/510843/oleksandr-karavaev,Shakhtar_Donetsk_Squad.json
655636,Oleksandr Zubkov,8563,AEK Athens,Forward,https://www.fotmob.com/en-GB/players/655636/oleksandr-zubkov,AEK_Athens_Squad.json
46469,Olivier Giroud,8639,Lille,Forward,https://www.fotmob.com/en-GB/players/46469/olivier-giroud,Lille_Squad.json
540088,Ollie Watkins,10252,Aston Villa,Forward,https://www.fotmob.com/en-GB/players/540088/ollie-watkins,Aston_Villa_Squad.json
1197093,Orphé Mbina,951893,Sabah FK,Forward,https://www.fotmob.com/en-GB/players/1197093/orph-mbina,Sabah_FK_Squad.json
988160,Osame Sahraoui,8639,Lille,Forward,https://www.fotmob.com/en-GB/players/988160/osame-sahraoui,Lille_Squad.json
1782189,Oskar Kubiak,7787,Slavia Prague,Midfielder,https://www.fotmob.com/en-GB/players/1782189/oskar-kubiak,Slavia_Prague_Squad.json
1647807,Oskar Pietuszewski,9773,FC Porto,Forward,https://www.fotmob.com/en-GB/players/1647807/oskar-pietuszewski,FC_Porto_Squad.json
692984,Ousmane Dembélé,9847,Paris Saint-Germain,Forward,https://www.fotmob.com/en-GB/players/692984/ousmane-dembele,Paris_Saint_Germain_Squad.json
1228273,Oussama Targhalline,10235,Feyenoord,Midfielder,https://www.fotmob.com/en-GB/players/1228273/oussama-targhalline,Feyenoord_Squad.json
1338192,Pablo Barrios,9906,Atletico Madrid,Midfielder,https://www.fotmob.com/en-GB/players/1338192/pablo-barrios,Atletico_Madrid_Squad.json
683450,Pablo Fornals,8603,Real Betis,Midfielder,https://www.fotmob.com/en-GB/players/683450/pablo-fornals,Real_Betis_Squad.json
1662379,Pablo García,8603,Real Betis,Forward,https://www.fotmob.com/en-GB/players/1662379/pablo-garcia,Real_Betis_Squad.json
664226,Pablo Rosario,9773,FC Porto,Midfielder,https://www.fotmob.com/en-GB/players/664226/pablo-rosario,FC_Porto_Squad.json
844544,Pape Gueye,10205,Villarreal,Midfielder,https://www.fotmob.com/en-GB/players/844544/pape-gueye,Villarreal_Squad.json
90009847,Paris Saint-Germain Keepers,9847,Paris Saint-Germain,Goalkeeper,https://www.fotmob.com/en-GB/teams/9847/squad/paris-saint-germain,Paris_Saint_Germain_Squad.json
675327,Pasquale Mazzocchi,9875,Napoli,Defender,https://www.fotmob.com/en-GB/players/675327/pasquale-mazzocchi,Napoli_Squad.json
530635,Patrick Berg,8402,Bodo/Glimt,Midfielder,https://www.fotmob.com/en-GB/players/530635/patrick-berg,Bodo_Glimt_Squad.json
1526560,Patrick Dorgu,10260,Manchester United,Forward,https://www.fotmob.com/en-GB/players/1526560/patrick-dorgu,Manchester_United_Squad.json
1532137,Pau Cubarsí,8634,Barcelona,Defender,https://www.fotmob.com/en-GB/players/1532137/pau-cubarsi,Barcelona_Squad.json
1531887,Pau Navarro,10205,Villarreal,Defender,https://www.fotmob.com/en-GB/players/1531887/pau-navarro,Villarreal_Squad.json
792645,Pau Torres,10252,Aston Villa,Defender,https://www.fotmob.com/en-GB/players/792645/pau-torres,Aston_Villa_Squad.json
1327149,Paul Wanner,8640,PSV Eindhoven,Midfielder,https://www.fotmob.com/en-GB/players/1327149/paul-wanner,PSV_Eindhoven_Squad.json
325916,Paulo Dybala,8686,Roma,Midfielder,https://www.fotmob.com/en-GB/players/325916/paulo-dybala,Roma_Squad.json
1585595,Pavel Kacor,7787,Slavia Prague,Midfielder,https://www.fotmob.com/en-GB/players/1585595/pavel-kacor,Slavia_Prague_Squad.json
1083323,Pedri,8634,Barcelona,Midfielder,https://www.fotmob.com/en-GB/players/1083323/pedri,Barcelona_Squad.json
844186,Pedrinho,9728,Shakhtar Donetsk,Midfielder,https://www.fotmob.com/en-GB/players/844186/pedrinho,Shakhtar_Donetsk_Squad.json
1259576,Pedro Henrique,9728,Shakhtar Donetsk,Defender,https://www.fotmob.com/en-GB/players/1259576/pedro-henrique,Shakhtar_Donetsk_Squad.json
1459257,Pedro Lima,9768,Sporting CP,Midfielder,https://www.fotmob.com/en-GB/players/1459257/pedro-lima,Sporting_CP_Squad.json
850356,Pepê,9773,FC Porto,Forward,https://www.fotmob.com/en-GB/players/850356/pepe,FC_Porto_Squad.json
1382000,Petar Sucic,8636,Inter,Midfielder,https://www.fotmob.com/en-GB/players/1382000/petar-sucic,Inter_Squad.json
955759,Peter Christiansen,8478,Viking,Forward,https://www.fotmob.com/en-GB/players/955759/peter-christiansen,Viking_Squad.json
951951,Peter Pokorny,6019,Slovan Bratislava,Midfielder,https://www.fotmob.com/en-GB/players/951951/peter-pokorny,Slovan_Bratislava_Squad.json
184639,Petros Mantalos,8563,AEK Athens,Midfielder,https://www.fotmob.com/en-GB/players/184639/petros-mantalos,AEK_Athens_Squad.json
815006,Phil Foden,8456,Manchester City,Midfielder,https://www.fotmob.com/en-GB/players/815006/phil-foden,Manchester_City_Squad.json
1137667,Piero Hincapié,9825,Arsenal,Defender,https://www.fotmob.com/en-GB/players/1137667/piero-hincapie,Arsenal_Squad.json
362212,Piotr Zielinski,8636,Inter,Midfielder,https://www.fotmob.com/en-GB/players/362212/piotr-zielinski,Inter_Squad.json
875133,Pote,9768,Sporting CP,Forward,https://www.fotmob.com/en-GB/players/875133/pote,Sporting_CP_Squad.json
1530313,Prosper Obah,9728,Shakhtar Donetsk,Forward,https://www.fotmob.com/en-GB/players/1530313/prosper-obah,Shakhtar_Donetsk_Squad.json
90008640,PSV Eindhoven Keepers,8640,PSV Eindhoven,Goalkeeper,https://www.fotmob.com/en-GB/teams/8640/squad/psv-eindhoven,PSV_Eindhoven_Squad.json
1699549,Quentin Ndjantou,9847,Paris Saint-Germain,Midfielder,https://www.fotmob.com/en-GB/players/1699549/quentin-ndjantou,Paris_Saint_Germain_Squad.json
1313884,Rafa Marín,9875,Napoli,Defender,https://www.fotmob.com/en-GB/players/1313884/rafa-marin,Napoli_Squad.json
848844,Rafael Leão,8637,Galatasaray,Forward,https://www.fotmob.com/en-GB/players/848844/rafael-leao,Galatasaray_Squad.json
1525416,Rafael Nel,9768,Sporting CP,Forward,https://www.fotmob.com/en-GB/players/1525416/rafael-nel,Sporting_CP_Squad.json
1239580,Rahim Ibrahim,6019,Slovan Bratislava,Midfielder,https://www.fotmob.com/en-GB/players/1239580/rahim-ibrahim,Slovan_Bratislava_Squad.json
1441450,Rahman Dasdamirov,951893,Sabah FK,Defender,https://www.fotmob.com/en-GB/players/1441450/rahman-dasdamirov,Sabah_FK_Squad.json
1667728,Ramiz Harakate,9977,LASK,Forward,https://www.fotmob.com/en-GB/players/1667728/ramiz-harakate,LASK_Squad.json
1125187,Ramon Hendriks,10269,VfB Stuttgart,Defender,https://www.fotmob.com/en-GB/players/1125187/ramon-hendriks,VfB_Stuttgart_Squad.json
559065,Ramy Bensebaini,9789,Borussia Dortmund,Defender,https://www.fotmob.com/en-GB/players/559065/ramy-bensebaini,Borussia_Dortmund_Squad.json
696679,Raphinha,8634,Barcelona,Forward,https://www.fotmob.com/en-GB/players/696679/raphinha,Barcelona_Squad.json
1199272,Rasmus Højlund,9875,Napoli,Forward,https://www.fotmob.com/en-GB/players/1199272/rasmus-hojlund,Napoli_Squad.json
1384982,Rauf Rüstamli,951893,Sabah FK,Midfielder,https://www.fotmob.com/en-GB/players/1384982/rauf-r-stamli,Sabah_FK_Squad.json
933845,Rayan Aït-Nouri,8456,Manchester City,Defender,https://www.fotmob.com/en-GB/players/933845/rayan-ait-nouri,Manchester_City_Squad.json
1104053,Rayan Cherki,8456,Manchester City,Midfielder,https://www.fotmob.com/en-GB/players/1104053/rayan-cherki,Manchester_City_Squad.json
1586559,Rayan Fofana,8588,Lens,Forward,https://www.fotmob.com/en-GB/players/1586559/rayan-fofana,Lens_Squad.json
574844,Razvan Marin,8563,AEK Athens,Midfielder,https://www.fotmob.com/en-GB/players/574844/razvan-marin,AEK_Athens_Squad.json
1580528,Raúl Asencio,8633,Real Madrid,Defender,https://www.fotmob.com/en-GB/players/1580528/raul-asencio,Real_Madrid_Squad.json
90178475,RB Leipzig Keepers,178475,RB Leipzig,Goalkeeper,https://www.fotmob.com/en-GB/teams/178475/squad/rb-leipzig,RB_Leipzig_Squad.json
90008603,Real Betis Keepers,8603,Real Betis,Goalkeeper,https://www.fotmob.com/en-GB/teams/8603/squad/real-betis,Real_Betis_Squad.json
90008633,Real Madrid Keepers,8633,Real Madrid,Goalkeeper,https://www.fotmob.com/en-GB/teams/8633/squad/real-madrid,Real_Madrid_Squad.json
748382,Reiss Nelson,9825,Arsenal,Forward,https://www.fotmob.com/en-GB/players/748382/reiss-nelson,Arsenal_Squad.json
1741323,Renato Nhaga,8637,Galatasaray,Midfielder,https://www.fotmob.com/en-GB/players/1741323/renato-nhaga,Galatasaray_Squad.json
589344,Renato Sanches,9847,Paris Saint-Germain,Midfielder,https://www.fotmob.com/en-GB/players/589344/renato-sanches,Paris_Saint_Germain_Squad.json
1343750,Renato Veiga,10205,Villarreal,Defender,https://www.fotmob.com/en-GB/players/1343750/renato-veiga,Villarreal_Squad.json
1036401,Ricardo Pepi,8640,PSV Eindhoven,Forward,https://www.fotmob.com/en-GB/players/1036401/ricardo-pepi,PSV_Eindhoven_Squad.json
115591,Ricardo Rodríguez,8603,Real Betis,Defender,https://www.fotmob.com/en-GB/players/115591/ricardo-rodriguez,Real_Betis_Squad.json
1105912,Riccardo Calafiori,9825,Arsenal,Defender,https://www.fotmob.com/en-GB/players/1105912/riccardo-calafiori,Arsenal_Squad.json
1288450,Rico Lewis,8456,Manchester City,Defender,https://www.fotmob.com/en-GB/players/1288450/rico-lewis,Manchester_City_Squad.json
883087,Ridle Baku,178475,RB Leipzig,Defender,https://www.fotmob.com/en-GB/players/883087/ridle-baku,RB_Leipzig_Squad.json
1597668,Rio Ngumoha,8650,Liverpool,Forward,https://www.fotmob.com/en-GB/players/1597668/rio-ngumoha,Liverpool_Squad.json
939430,Robert Ljubicic,9977,LASK,Midfielder,https://www.fotmob.com/en-GB/players/939430/robert-ljubicic,LASK_Squad.json
609516,Robin Le Normand,9906,Atletico Madrid,Defender,https://www.fotmob.com/en-GB/players/609516/robin-le-normand,Atletico_Madrid_Squad.json
1705134,Robinio Vaz,8686,Roma,Forward,https://www.fotmob.com/en-GB/players/1705134/robinio-vaz,Roma_Squad.json
1174726,Rocco Reitz,178475,RB Leipzig,Midfielder,https://www.fotmob.com/en-GB/players/1174726/rocco-reitz,RB_Leipzig_Squad.json
675088,Rodri,8634,Barcelona,Midfielder,https://www.fotmob.com/en-GB/players/675088/rodri,Barcelona_Squad.json
844504,Rodrigo Becão,8695,Fenerbahce,Defender,https://www.fotmob.com/en-GB/players/844504/rodrigo-becao,Fenerbahce_Squad.json
1106946,Rodrigo Fernandes,951893,Sabah FK,Midfielder,https://www.fotmob.com/en-GB/players/1106946/rodrigo-fernandes,Sabah_FK_Squad.json
1419969,Rodrigo Mendoza,9906,Atletico Madrid,Midfielder,https://www.fotmob.com/en-GB/players/1419969/rodrigo-mendoza,Atletico_Madrid_Squad.json
1525065,Rodrigo Mora,8686,Roma,Midfielder,https://www.fotmob.com/en-GB/players/1525065/rodrigo-mora,Roma_Squad.json
1072200,Rodrigo Riquelme,8603,Real Betis,Forward,https://www.fotmob.com/en-GB/players/1072200/rodrigo-riquelme,Real_Betis_Squad.json
1759322,Rodrigo Rodrigues,9768,Sporting CP,Midfielder,https://www.fotmob.com/en-GB/players/1759322/rodrigo-rodrigues,Sporting_CP_Squad.json
1070776,Rodrigo Zalazar,9768,Sporting CP,Forward,https://www.fotmob.com/en-GB/players/1070776/rodrigo-zalazar,Sporting_CP_Squad.json
895362,Rodrygo,8633,Real Madrid,Forward,https://www.fotmob.com/en-GB/players/895362/rodrygo,Real_Madrid_Squad.json
583601,Roland Sallai,8637,Galatasaray,Defender,https://www.fotmob.com/en-GB/players/583601/roland-sallai,Galatasaray_Squad.json
90008686,Roma Keepers,8686,Roma,Goalkeeper,https://www.fotmob.com/en-GB/teams/8686/squad/roma,Roma_Squad.json
815465,Romain Perraud,8639,Lille,Defender,https://www.fotmob.com/en-GB/players/815465/romain-perraud,Lille_Squad.json
1338948,Roman Cerepkai,6019,Slovan Bratislava,Forward,https://www.fotmob.com/en-GB/players/1338948/roman-cerepkai,Slovan_Bratislava_Squad.json
1069826,Romano Postema,8478,Viking,Forward,https://www.fotmob.com/en-GB/players/1069826/romano-postema,Viking_Squad.json
181276,Romelu Lukaku,8695,Fenerbahce,Forward,https://www.fotmob.com/en-GB/players/181276/romelu-lukaku,Fenerbahce_Squad.json
1178453,Romeo Vermant,8342,Club Brugge,Forward,https://www.fotmob.com/en-GB/players/1178453/romeo-vermant,Club_Brugge_Squad.json
1845220,Roméo Ritter,9789,Borussia Dortmund,Defender,https://www.fotmob.com/en-GB/players/1845220/romeo-ritter,Borussia_Dortmund_Squad.json
921253,Ronald Araujo,8650,Liverpool,Defender,https://www.fotmob.com/en-GB/players/921253/ronald-araujo,Liverpool_Squad.json
1315475,Roony Bardghji,8634,Barcelona,Forward,https://www.fotmob.com/en-GB/players/1315475/roony-bardghji,Barcelona_Squad.json
215384,Ross Barkley,10252,Aston Villa,Midfielder,https://www.fotmob.com/en-GB/players/215384/ross-barkley,Aston_Villa_Squad.json
561046,Ruben Aguilar,8588,Lens,Defender,https://www.fotmob.com/en-GB/players/561046/ruben-aguilar,Lens_Squad.json
1172556,Ruben Kristensen Alte,8478,Viking,Forward,https://www.fotmob.com/en-GB/players/1172556/ruben-kristensen-alte,Viking_Squad.json
1359970,Ruben van Bommel,8640,PSV Eindhoven,Forward,https://www.fotmob.com/en-GB/players/1359970/ruben-van-bommel,PSV_Eindhoven_Squad.json
1386551,Ryan Flamingo,8640,PSV Eindhoven,Defender,https://www.fotmob.com/en-GB/players/1386551/ryan-flamingo,PSV_Eindhoven_Squad.json
956683,Ryan Gravenberch,8650,Liverpool,Midfielder,https://www.fotmob.com/en-GB/players/956683/ryan-gravenberch,Liverpool_Squad.json
1839360,Ryan Roberto,9728,Shakhtar Donetsk,Forward,https://www.fotmob.com/en-GB/players/1839360/ryan-roberto,Shakhtar_Donetsk_Squad.json
1314412,Rômulo,178475,RB Leipzig,Forward,https://www.fotmob.com/en-GB/players/1314412/romulo,RB_Leipzig_Squad.json
614006,Rúben Dias,8456,Manchester City,Defender,https://www.fotmob.com/en-GB/players/614006/ruben-dias,Manchester_City_Squad.json
90951893,Sabah FK Keepers,951893,Sabah FK,Goalkeeper,https://www.fotmob.com/en-GB/teams/951893/stats/sabah-fk/players,Sabah_FK_Squad.json
1034808,Sacha Boey,9823,Bayern Munich,Defender,https://www.fotmob.com/en-GB/players/1034808/sacha-boey,Bayern_Munich_Squad.json
1513367,Sahmkou Camara,7787,Slavia Prague,Defender,https://www.fotmob.com/en-GB/players/1513367/sahmkou-camara,Slavia_Prague_Squad.json
1712326,Salvador Blopa,9768,Sporting CP,Defender,https://www.fotmob.com/en-GB/players/1712326/salvador-blopa,Sporting_CP_Squad.json
873573,Sam Beukema,9875,Napoli,Defender,https://www.fotmob.com/en-GB/players/873573/sam-beukema,Napoli_Squad.json
1830647,Samba Coulibaly,8342,Club Brugge,Defender,https://www.fotmob.com/en-GB/players/1830647/samba-coulibaly,Club_Brugge_Squad.json
1860819,Samba Konaté,178475,RB Leipzig,Forward,https://www.fotmob.com/en-GB/players/1860819/samba-konate,RB_Leipzig_Squad.json
1276626,Samson Baidoo,8588,Lens,Defender,https://www.fotmob.com/en-GB/players/1276626/samson-baidoo,Lens_Squad.json
1188855,Samuel Adeniran,9977,LASK,Forward,https://www.fotmob.com/en-GB/players/1188855/samuel-adeniran,LASK_Squad.json
1414859,Samuel Aghehowa,9773,FC Porto,Forward,https://www.fotmob.com/en-GB/players/1414859/samuel-aghehowa,FC_Porto_Squad.json
1744791,Samuel Isife,7787,Slavia Prague,Defender,https://www.fotmob.com/en-GB/players/1744791/samuel-isife,Slavia_Prague_Squad.json
949877,Samuel Kozlovsky,6019,Slovan Bratislava,Defender,https://www.fotmob.com/en-GB/players/949877/samuel-kozlovsky,Slovan_Bratislava_Squad.json
1761151,Samuele Inácio,9789,Borussia Dortmund,Midfielder,https://www.fotmob.com/en-GB/players/1761151/samuele-inacio,Borussia_Dortmund_Squad.json
1045565,Sandro Cruz,6019,Slovan Bratislava,Defender,https://www.fotmob.com/en-GB/players/1045565/sandro-cruz,Slovan_Bratislava_Squad.json
1374055,Sani Suleiman,178475,RB Leipzig,Forward,https://www.fotmob.com/en-GB/players/1374055/sani-suleiman,RB_Leipzig_Squad.json
671865,Santi Comesaña,10205,Villarreal,Midfielder,https://www.fotmob.com/en-GB/players/671865/santi-comesana,Villarreal_Squad.json
1282008,Santiago Castro,8686,Roma,Forward,https://www.fotmob.com/en-GB/players/1282008/santiago-castro,Roma_Squad.json
1407468,Santiago Mouriño,10205,Villarreal,Defender,https://www.fotmob.com/en-GB/players/1407468/santiago-mourino,Villarreal_Squad.json
426726,Sascha Horvath,9977,LASK,Midfielder,https://www.fotmob.com/en-GB/players/426726/sascha-horvath,LASK_Squad.json
1002617,Saud Abdulhamid,8588,Lens,Defender,https://www.fotmob.com/en-GB/players/1002617/saud-abdulhamid,Lens_Squad.json
843099,Scott McTominay,9875,Napoli,Midfielder,https://www.fotmob.com/en-GB/players/843099/scott-mctominay,Napoli_Squad.json
602211,Seko Fofana,9773,FC Porto,Midfielder,https://www.fotmob.com/en-GB/players/602211/seko-fofana,FC_Porto_Squad.json
947898,Sem Steijn,10235,Feyenoord,Midfielder,https://www.fotmob.com/en-GB/players/947898/sem-steijn,Feyenoord_Squad.json
1574189,Senny Mayulu,9847,Paris Saint-Germain,Midfielder,https://www.fotmob.com/en-GB/players/1574189/senny-mayulu,Paris_Saint_Germain_Squad.json
385437,Serge Gnabry,9823,Bayern Munich,Midfielder,https://www.fotmob.com/en-GB/players/385437/serge-gnabry,Bayern_Munich_Squad.json
1310480,Sergi Altimira,9768,Sporting CP,Midfielder,https://www.fotmob.com/en-GB/players/1310480/sergi-altimira,Sporting_CP_Squad.json
1059657,Sergi Cardona,10205,Villarreal,Defender,https://www.fotmob.com/en-GB/players/1059657/sergi-cardona,Villarreal_Squad.json
892816,Sergiño Dest,8640,PSV Eindhoven,Defender,https://www.fotmob.com/en-GB/players/892816/sergino-dest,PSV_Eindhoven_Squad.json
448540,Serhou Guirassy,9789,Borussia Dortmund,Forward,https://www.fotmob.com/en-GB/players/448540/serhou-guirassy,Borussia_Dortmund_Squad.json
90009728,Shakhtar Donetsk Keepers,9728,Shakhtar Donetsk,Goalkeeper,https://www.fotmob.com/en-GB/teams/9728/overview/shakhtar-donetsk,Shakhtar_Donetsk_Squad.json
1553365,Shaqueel van Persie,10235,Feyenoord,Forward,https://www.fotmob.com/en-GB/players/1553365/shaqueel-van-persie,Feyenoord_Squad.json
1064715,Sharani Zuberu,6019,Slovan Bratislava,Defender,https://www.fotmob.com/en-GB/players/1064715/sharani-zuberu,Slovan_Bratislava_Squad.json
1436260,Shea Lacey,10260,Manchester United,Forward,https://www.fotmob.com/en-GB/players/1436260/shea-lacey,Manchester_United_Squad.json
1425101,Silas Andersen,9768,Sporting CP,Midfielder,https://www.fotmob.com/en-GB/players/1425101/silas-andersen,Sporting_CP_Squad.json
1267374,Simen Kvia-Egeskog,8478,Viking,Midfielder,https://www.fotmob.com/en-GB/players/1267374/simen-kvia-egeskog,Viking_Squad.json
1210886,Siraçhan Nas,8637,Galatasaray,Midfielder,https://www.fotmob.com/en-GB/players/1210886/sirachan-nas,Galatasaray_Squad.json
90007787,Slavia Prague Keepers,7787,Slavia Prague,Goalkeeper,https://www.fotmob.com/en-GB/teams/7787/squad/slavia-prague,Slavia_Prague_Squad.json
90006019,Slovan Bratislava Keepers,6019,Slovan Bratislava,Goalkeeper,https://www.fotmob.com/en-GB/teams/6019/squad/slovan-bratislava,Slovan_Bratislava_Squad.json
593116,Sofyan Amrabat,8695,Fenerbahce,Midfielder,https://www.fotmob.com/en-GB/players/593116/sofyan-amrabat,Fenerbahce_Squad.json
1160076,Sondre Auklend,8402,Bodo/Glimt,Midfielder,https://www.fotmob.com/en-GB/players/1160076/sondre-auklend,Bodo_Glimt_Squad.json
538580,Sondre Bjørshol,8478,Viking,Defender,https://www.fotmob.com/en-GB/players/538580/sondre-bjorshol,Viking_Squad.json
540975,Sondre Brunstad Fet,8402,Bodo/Glimt,Midfielder,https://www.fotmob.com/en-GB/players/540975/sondre-brunstad-fet,Bodo_Glimt_Squad.json
1684579,Soriba Diaoune,8639,Lille,Forward,https://www.fotmob.com/en-GB/players/1684579/soriba-diaoune,Lille_Squad.json
1093025,Sotiris Alexandropoulos,9768,Sporting CP,Midfielder,https://www.fotmob.com/en-GB/players/1093025/sotiris-alexandropoulos,Sporting_CP_Squad.json
1727044,Souleymane Sagnan,8588,Lens,Defender,https://www.fotmob.com/en-GB/players/1727044/souleymane-sagnan,Lens_Squad.json
90009768,Sporting CP Keepers,9768,Sporting CP,Goalkeeper,https://www.fotmob.com/en-GB/teams/9768/squad/sporting-cp,Sporting_CP_Squad.json
308517,Stanislav Lobotka,9875,Napoli,Midfielder,https://www.fotmob.com/en-GB/players/308517/stanislav-lobotka,Napoli_Squad.json
1015750,Stavros Pilios,8563,AEK Athens,Defender,https://www.fotmob.com/en-GB/players/1015750/stavros-pilios,AEK_Athens_Squad.json
1310118,Stefan Bajcetic,8650,Liverpool,Midfielder,https://www.fotmob.com/en-GB/players/1310118/stefan-bajcetic,Liverpool_Squad.json
1288146,Stepán Chaloupek,7787,Slavia Prague,Defender,https://www.fotmob.com/en-GB/players/1288146/stepan-chaloupek,Slavia_Prague_Squad.json
764834,Steve Solvet,951893,Sabah FK,Defender,https://www.fotmob.com/en-GB/players/764834/steve-solvet,Sabah_FK_Squad.json
1206542,Suleiman Camara,6019,Slovan Bratislava,Forward,https://www.fotmob.com/en-GB/players/1206542/suleiman-camara,Slovan_Bratislava_Squad.json
1035643,Sven Mijnans,8640,PSV Eindhoven,Midfielder,https://www.fotmob.com/en-GB/players/1035643/sven-mijnans,PSV_Eindhoven_Squad.json
922722,Svetozar Markovic,6019,Slovan Bratislava,Defender,https://www.fotmob.com/en-GB/players/922722/svetozar-markovic,Slovan_Bratislava_Squad.json
1026135,Tajon Buchanan,10205,Villarreal,Midfielder,https://www.fotmob.com/en-GB/players/1026135/tajon-buchanan,Villarreal_Squad.json
450011,Talisca,8695,Fenerbahce,Midfielder,https://www.fotmob.com/en-GB/players/450011/talisca,Fenerbahce_Squad.json
749661,Tammy Abraham,10252,Aston Villa,Forward,https://www.fotmob.com/en-GB/players/749661/tammy-abraham,Aston_Villa_Squad.json
1070617,Tanguy Nianzou,8639,Lille,Defender,https://www.fotmob.com/en-GB/players/1070617/tanguy-nianzou,Lille_Squad.json
1338740,Tani Oluwaseyi,10205,Villarreal,Forward,https://www.fotmob.com/en-GB/players/1338740/tani-oluwaseyi,Villarreal_Squad.json
1432341,Tarek Buchmann,9823,Bayern Munich,Defender,https://www.fotmob.com/en-GB/players/1432341/tarek-buchmann,Bayern_Munich_Squad.json
763300,Tellur Mütallimov,951893,Sabah FK,Forward,https://www.fotmob.com/en-GB/players/763300/tellur-m-tallimov,Sabah_FK_Squad.json
1796908,Thiago Pitarch,8633,Real Madrid,Midfielder,https://www.fotmob.com/en-GB/players/1796908/thiago-pitarch,Real_Madrid_Squad.json
1553376,Thijs Kraaijeveld,10235,Feyenoord,Defender,https://www.fotmob.com/en-GB/players/1553376/thijs-kraaijeveld,Feyenoord_Squad.json
1352964,Thomas Beelen,10235,Feyenoord,Defender,https://www.fotmob.com/en-GB/players/1352964/thomas-beelen,Feyenoord_Squad.json
468931,Thomas Lemar,9906,Atletico Madrid,Midfielder,https://www.fotmob.com/en-GB/players/468931/thomas-lemar,Atletico_Madrid_Squad.json
264190,Thorgan Hazard,8588,Lens,Midfielder,https://www.fotmob.com/en-GB/players/264190/thorgan-hazard,Lens_Squad.json
1187392,Tiago Morais,8639,Lille,Forward,https://www.fotmob.com/en-GB/players/1187392/tiago-morais,Lille_Squad.json
1397857,Tiago Santos,8639,Lille,Defender,https://www.fotmob.com/en-GB/players/1397857/tiago-santos,Lille_Squad.json
1164506,Tiago Tomás,10269,VfB Stuttgart,Forward,https://www.fotmob.com/en-GB/players/1164506/tiago-tomas,VfB_Stuttgart_Squad.json
1692880,Tian Nai Koren,8342,Club Brugge,Forward,https://www.fotmob.com/en-GB/players/1692880/tian-nai-koren,Club_Brugge_Squad.json
1482733,Tidiam Gomis,178475,RB Leipzig,Forward,https://www.fotmob.com/en-GB/players/1482733/tidiam-gomis,RB_Leipzig_Squad.json
552700,Tigran Barseghyan,6019,Slovan Bratislava,Forward,https://www.fotmob.com/en-GB/players/552700/tigran-barseghyan,Slovan_Bratislava_Squad.json
2088463,Tijme Wessels,10235,Feyenoord,Defender,https://www.fotmob.com/en-GB/players/2088463/tijme-wessels,Feyenoord_Squad.json
1636182,Tobias Moi,8478,Viking,Midfielder,https://www.fotmob.com/en-GB/players/1636182/tobias-moi,Viking_Squad.json
1692856,Tobias van den Elshout,10235,Feyenoord,Forward,https://www.fotmob.com/en-GB/players/1692856/tobias-van-den-elshout,Feyenoord_Squad.json
1421810,Toby Collyer,10260,Manchester United,Midfielder,https://www.fotmob.com/en-GB/players/1421810/toby-collyer,Manchester_United_Squad.json
1286183,Tom Bischof,9823,Bayern Munich,Defender,https://www.fotmob.com/en-GB/players/1286183/tom-bischof,Bayern_Munich_Squad.json
523217,Tomás Chory,7787,Slavia Prague,Forward,https://www.fotmob.com/en-GB/players/523217/tomas-chory,Slavia_Prague_Squad.json
306168,Tomás Holes,7787,Slavia Prague,Defender,https://www.fotmob.com/en-GB/players/306168/tomas-holes,Slavia_Prague_Squad.json
979540,Tomás Vlcek,7787,Slavia Prague,Defender,https://www.fotmob.com/en-GB/players/979540/tomas-vlcek,Slavia_Prague_Squad.json
1665438,Toni Fernández,8634,Barcelona,Forward,https://www.fotmob.com/en-GB/players/1665438/toni-fernandez,Barcelona_Squad.json
1781770,Toumani Diakité,7787,Slavia Prague,Midfielder,https://www.fotmob.com/en-GB/players/1781770/toumani-diakite,Slavia_Prague_Squad.json
760712,Trent Alexander-Arnold,8633,Real Madrid,Defender,https://www.fotmob.com/en-GB/players/760712/trent-alexander-arnold,Real_Madrid_Squad.json
793907,Trevoh Chalobah,10171,Como,Defender,https://www.fotmob.com/en-GB/players/793907/trevoh-chalobah,Como_Squad.json
1436258,Trey Nyoni,8650,Liverpool,Midfielder,https://www.fotmob.com/en-GB/players/1436258/trey-nyoni,Liverpool_Squad.json
942365,Troy Parrott,8603,Real Betis,Forward,https://www.fotmob.com/en-GB/players/942365/troy-parrott,Real_Betis_Squad.json
1023887,Tsuyoshi Watanabe,10235,Feyenoord,Defender,https://www.fotmob.com/en-GB/players/1023887/tsuyoshi-watanabe,Feyenoord_Squad.json
1676985,Tyler Fletcher,10260,Manchester United,Midfielder,https://www.fotmob.com/en-GB/players/1676985/tyler-fletcher,Manchester_United_Squad.json
823121,Tymoteusz Puchacz,951893,Sabah FK,Defender,https://www.fotmob.com/en-GB/players/823121/tymoteusz-puchacz,Sabah_FK_Squad.json
419664,Tyrone Mings,10252,Aston Villa,Defender,https://www.fotmob.com/en-GB/players/419664/tyrone-mings,Aston_Villa_Squad.json
310763,Ulrik Saltnes,8402,Bodo/Glimt,Midfielder,https://www.fotmob.com/en-GB/players/310763/ulrik-saltnes,Bodo_Glimt_Squad.json
1429286,Umarali Rakhmonaliev,951893,Sabah FK,Midfielder,https://www.fotmob.com/en-GB/players/1429286/umarali-rakhmonaliev,Sabah_FK_Squad.json
1338016,Valentín Gómez,8603,Real Betis,Defender,https://www.fotmob.com/en-GB/players/1338016/valentin-gomez,Real_Betis_Squad.json
1024427,Valeriy Bondar,9728,Shakhtar Donetsk,Defender,https://www.fotmob.com/en-GB/players/1024427/valeriy-bondar,Shakhtar_Donetsk_Squad.json
1285532,Vasco Sousa,9773,FC Porto,Midfielder,https://www.fotmob.com/en-GB/players/1285532/vasco-sousa,FC_Porto_Squad.json
517052,Vedat Muriqi,8695,Fenerbahce,Forward,https://www.fotmob.com/en-GB/players/517052/vedat-muriqi,Fenerbahce_Squad.json
458807,Veljko Simic,951893,Sabah FK,Forward,https://www.fotmob.com/en-GB/players/458807/veljko-simic,Sabah_FK_Squad.json
1585827,Vetle Auklend,8478,Viking,Defender,https://www.fotmob.com/en-GB/players/1585827/vetle-auklend,Viking_Squad.json
255626,Veton Berisha,8478,Viking,Forward,https://www.fotmob.com/en-GB/players/255626/veton-berisha,Viking_Squad.json
90010269,VfB Stuttgart Keepers,10269,VfB Stuttgart,Goalkeeper,https://www.fotmob.com/en-GB/teams/10269/squad/vfb-stuttgart,VfB_Stuttgart_Squad.json
1436856,Victor Froholdt,9773,FC Porto,Midfielder,https://www.fotmob.com/en-GB/players/1436856/victor-froholdt,FC_Porto_Squad.json
776594,Victor Nelsson,8637,Galatasaray,Defender,https://www.fotmob.com/en-GB/players/776594/victor-nelsson,Galatasaray_Squad.json
258269,Victor Nilsson Lindelöf,10252,Aston Villa,Defender,https://www.fotmob.com/en-GB/players/258269/victor-nilsson-lindelof,Aston_Villa_Squad.json
687681,Victor Osimhen,8637,Galatasaray,Forward,https://www.fotmob.com/en-GB/players/687681/victor-osimhen,Galatasaray_Squad.json
1667986,Viggo Gebel,178475,RB Leipzig,Midfielder,https://www.fotmob.com/en-GB/players/1667986/viggo-gebel,RB_Leipzig_Squad.json
90008478,Viking Keepers,8478,Viking,Goalkeeper,https://www.fotmob.com/en-GB/teams/8478/squad/viking,Viking_Squad.json
664500,Viktor Gyökeres,9825,Arsenal,Forward,https://www.fotmob.com/en-GB/players/664500/viktor-gyokeres,Arsenal_Squad.json
1612225,Viktor Tsukanov,9728,Shakhtar Donetsk,Midfielder,https://www.fotmob.com/en-GB/players/1612225/viktor-tsukanov,Shakhtar_Donetsk_Squad.json
444253,Viljar Vevatne,8478,Viking,Defender,https://www.fotmob.com/en-GB/players/444253/viljar-vevatne,Viking_Squad.json
1436937,Villads Nielsen,8402,Bodo/Glimt,Defender,https://www.fotmob.com/en-GB/players/1436937/villads-nielsen,Bodo_Glimt_Squad.json
90010205,Villarreal Keepers,10205,Villarreal,Goalkeeper,https://www.fotmob.com/en-GB/teams/10205/squad/villarreal,Villarreal_Squad.json
846033,Vinícius Júnior,8633,Real Madrid,Forward,https://www.fotmob.com/en-GB/players/846033/vinicius-junior,Real_Madrid_Squad.json
1314657,Vinícius Tobias,9728,Shakhtar Donetsk,Defender,https://www.fotmob.com/en-GB/players/1314657/vin-cius-tobias,Shakhtar_Donetsk_Squad.json
209405,Virgil van Dijk,8650,Liverpool,Defender,https://www.fotmob.com/en-GB/players/209405/virgil-van-dijk,Liverpool_Squad.json
1580952,Vitor Reis,8456,Manchester City,Defender,https://www.fotmob.com/en-GB/players/1580952/vitor-reis,Manchester_City_Squad.json
1553105,Víctor Muñoz,8650,Liverpool,Forward,https://www.fotmob.com/en-GB/players/1553105/victor-munoz,Liverpool_Squad.json
1061249,Vítinha,9847,Paris Saint-Germain,Midfielder,https://www.fotmob.com/en-GB/players/1061249/vitinha,Paris_Saint_Germain_Squad.json
664970,Waldemar Anton,9789,Borussia Dortmund,Defender,https://www.fotmob.com/en-GB/players/664970/waldemar-anton,Borussia_Dortmund_Squad.json
1078113,Walid Cheddira,9875,Napoli,Forward,https://www.fotmob.com/en-GB/players/1078113/walid-cheddira,Napoli_Squad.json
1367615,Warren Zaïre-Emery,9847,Paris Saint-Germain,Midfielder,https://www.fotmob.com/en-GB/players/1367615/warren-zaire-emery,Paris_Saint_Germain_Squad.json
202643,Wataru Endo,8650,Liverpool,Midfielder,https://www.fotmob.com/en-GB/players/202643/wataru-endo,Liverpool_Squad.json
1320176,Wesley,8686,Roma,Defender,https://www.fotmob.com/en-GB/players/1320176/wesley,Roma_Squad.json
1395322,Wiktor Nowak,7787,Slavia Prague,Midfielder,https://www.fotmob.com/en-GB/players/1395322/wiktor-nowak,Slavia_Prague_Squad.json
1027472,Wilfried Singo,8637,Galatasaray,Defender,https://www.fotmob.com/en-GB/players/1027472/wilfried-singo,Galatasaray_Squad.json
278856,Willi Orbán,178475,RB Leipzig,Defender,https://www.fotmob.com/en-GB/players/278856/willi-orban,RB_Leipzig_Squad.json
1580427,William Gomes,9773,FC Porto,Forward,https://www.fotmob.com/en-GB/players/1580427/william-gomes,FC_Porto_Squad.json
955406,William Saliba,9825,Arsenal,Defender,https://www.fotmob.com/en-GB/players/955406/william-saliba,Arsenal_Squad.json
1137670,Willian Pacho,9847,Paris Saint-Germain,Defender,https://www.fotmob.com/en-GB/players/1137670/willian-pacho,Paris_Saint_Germain_Squad.json
1344550,Willy Kambwala,10171,Como,Defender,https://www.fotmob.com/en-GB/players/1344550/willy-kambwala,Como_Squad.json
1692886,Wisdom Mike,9823,Bayern Munich,Forward,https://www.fotmob.com/en-GB/players/1692886/wisdom-mike,Bayern_Munich_Squad.json
1239800,Xander Severina,951893,Sabah FK,Midfielder,https://www.fotmob.com/en-GB/players/1239800/xander-severina,Sabah_FK_Squad.json
1815149,Xavi Espart,8634,Barcelona,Midfielder,https://www.fotmob.com/en-GB/players/1815149/xavi-espart,Barcelona_Squad.json
979963,Xavier Mbuyamba,9977,LASK,Defender,https://www.fotmob.com/en-GB/players/979963/xavier-mbuyamba,LASK_Squad.json
1288907,Yacine Titraoui,8588,Lens,Midfielder,https://www.fotmob.com/en-GB/players/1288907/yacine-titraoui,Lens_Squad.json
1109171,Yan Couto,10171,Como,Defender,https://www.fotmob.com/en-GB/players/1109171/yan-couto,Como_Squad.json
1735453,Yan Diomande,8633,Real Madrid,Forward,https://www.fotmob.com/en-GB/players/1735453/yan-diomande,Real_Madrid_Squad.json
1382392,Yanis Massolin,8636,Inter,Midfielder,https://www.fotmob.com/en-GB/players/1382392/yanis-massolin,Inter_Squad.json
1580220,Yanis Senhadji,8603,Real Betis,Forward,https://www.fotmob.com/en-GB/players/1580220/yanis-senhadji,Real_Betis_Squad.json
889535,Yann Aurel Bisseck,8636,Inter,Defender,https://www.fotmob.com/en-GB/players/889535/yann-aurel-bisseck,Inter_Squad.json
1506480,Yarek Gasiorowski,8640,PSV Eindhoven,Defender,https://www.fotmob.com/en-GB/players/1506480/yarek-gasiorowski,PSV_Eindhoven_Squad.json
728941,Yegor Nazaryna,9728,Shakhtar Donetsk,Midfielder,https://www.fotmob.com/en-GB/players/728941/yegor-nazaryna,Shakhtar_Donetsk_Squad.json
1414040,Yigit Efe Demir,8695,Fenerbahce,Defender,https://www.fotmob.com/en-GB/players/1414040/yigit-efe-demir,Fenerbahce_Squad.json
1684515,Younes Lachaab,951893,Sabah FK,Forward,https://www.fotmob.com/en-GB/players/1684515/younes-lachaab,Sabah_FK_Squad.json
465960,Youri Tielemans,10260,Manchester United,Midfielder,https://www.fotmob.com/en-GB/players/465960/youri-tielemans,Manchester_United_Squad.json
1681812,Youssoupha Sanyang,7787,Slavia Prague,Forward,https://www.fotmob.com/en-GB/players/1681812/youssoupha-sanyang,Slavia_Prague_Squad.json
845991,Yunus Akgün,8637,Galatasaray,Midfielder,https://www.fotmob.com/en-GB/players/845991/yunus-akgun,Galatasaray_Squad.json
1254266,Yvan Dibango,9977,LASK,Defender,https://www.fotmob.com/en-GB/players/1254266/yvan-dibango,LASK_Squad.json
1079056,Zaidu Sanusi,9773,FC Porto,Defender,https://www.fotmob.com/en-GB/players/1079056/zaidu-sanusi,FC_Porto_Squad.json
1232172,Zeno Debast,9768,Sporting CP,Defender,https://www.fotmob.com/en-GB/players/1232172/zeno-debast,Sporting_CP_Squad.json
1106943,Zine,8563,AEK Athens,Forward,https://www.fotmob.com/en-GB/players/1106943/zine,AEK_Athens_Squad.json
279191,Zlatko Tripic,8478,Viking,Forward,https://www.fotmob.com/en-GB/players/279191/zlatko-tripic,Viking_Squad.json
1814510,Zois Karagyris,8563,AEK Athens,Forward,https://www.fotmob.com/en-GB/players/1814510/zois-karagyris,AEK_Athens_Squad.json
942372,Álex Baena,9906,Atletico Madrid,Forward,https://www.fotmob.com/en-GB/players/942372/alex-baena,Atletico_Madrid_Squad.json
1384881,Álex Valle,10171,Como,Defender,https://www.fotmob.com/en-GB/players/1384881/alex-valle,Como_Squad.json
1695867,Álvaro Cortés,8634,Barcelona,Defender,https://www.fotmob.com/en-GB/players/1695867/alvaro-cortes,Barcelona_Squad.json
895954,Álvaro Fidalgo,8603,Real Betis,Midfielder,https://www.fotmob.com/en-GB/players/895954/alvaro-fidalgo,Real_Betis_Squad.json
213501,Álvaro Morata,10171,Como,Forward,https://www.fotmob.com/en-GB/players/213501/alvaro-morata,Como_Squad.json
1580522,Ángel Ortiz,8603,Real Betis,Defender,https://www.fotmob.com/en-GB/players/1580522/angel-ortiz,Real_Betis_Squad.json
844415,Éder Militao,8633,Real Madrid,Defender,https://www.fotmob.com/en-GB/players/844415/eder-militao,Real_Madrid_Squad.json
