player_id,player_name,team_id,team_name,position,href,source_files
1002039,Aaron Hickey,8498,Scotland,Defender,https://www.fotmob.com/en-GB/players/1002039/aaron-hickey,Scotland_Squad.json
490122,Aaron Tshibola,6321,DR Congo,Midfielder,https://www.fotmob.com/en-GB/players/490122/aaron-tshibola,DR_Congo_Squad.json
760320,Aaron Wan-Bissaka,6321,DR Congo,Defender,https://www.fotmob.com/en-GB/players/760320/aaron-wan-bissaka,DR_Congo_Squad.json
1249993,Abbosbek Fayzullayev,8700,Uzbekistan,Forward,https://www.fotmob.com/en-GB/players/1249993/abbosbek-fayzullayev,Uzbekistan_Squad.json
1312681,Abdallah Nasib,5816,Jordan,Defender,https://www.fotmob.com/en-GB/players/1312681/abdallah-nasib,Jordan_Squad.json
1209399,Abdessamad Ezzalzouli,6262,Morocco,Forward,https://www.fotmob.com/en-GB/players/1209399/abde-ezzalzouli,Morocco_Squad.json
588626,Abdoulaye Seck,6395,Senegal,Defender,https://www.fotmob.com/en-GB/players/588626/abdoulaye-seck,Senegal_Squad.json
1362998,Abdukodir Khusanov,8700,Uzbekistan,Defender,https://www.fotmob.com/en-GB/players/1362998/abdukodir-khusanov,Uzbekistan_Squad.json
1265626,Abdul Fatawu,6714,Ghana,Forward,https://www.fotmob.com/en-GB/players/1265626/abdul-fatawu,Ghana_Squad.json
776591,Abdul Mumin,6714,Ghana,Defender,https://www.fotmob.com/en-GB/players/776591/abdul-mumin,Ghana_Squad.json
324910,Abdul Rahman Baba,6714,Ghana,Defender,https://www.fotmob.com/en-GB/players/324910/abdul-rahman-baba,Ghana_Squad.json
308909,Abdulaziz Hatem,5902,Qatar,Midfielder,https://www.fotmob.com/en-GB/players/308909/abdulaziz-hatem,Qatar_Squad.json
848600,Abdulelah Al Amri,7795,Saudi Arabia,Defender,https://www.fotmob.com/en-GB/players/848600/abdulelah-al-amri,Saudi_Arabia_Squad.json
1294120,Abdulla Abdullaev,8700,Uzbekistan,Midfielder,https://www.fotmob.com/en-GB/players/1294120/abdulla-abdullaev,Uzbekistan_Squad.json
909198,Abdullah Al-Hamdan,7795,Saudi Arabia,Forward,https://www.fotmob.com/en-GB/players/909198/abdullah-al-hamddan,Saudi_Arabia_Squad.json
823457,Abdullah Alkhaibari,7795,Saudi Arabia,Midfielder,https://www.fotmob.com/en-GB/players/823457/abdullah-al-khaibari,Saudi_Arabia_Squad.json
291399,Abdülkerim Bardakci,6595,Turkiye,Defender,https://www.fotmob.com/en-GB/players/291399/abdulkerim-bardakci,Turkiye_Squad.json
770881,Achraf Hakimi,6262,Morocco,Defender,https://www.fotmob.com/en-GB/players/770881/achraf-hakimi,Morocco_Squad.json
1362385,Achref Abada,6317,Algeria,Defender,https://www.fotmob.com/en-GB/players/1362385/achref-abada,Algeria_Squad.json
643682,Adalberto Carrasquilla,5922,Panama,Midfielder,https://www.fotmob.com/en-GB/players/643682/adalberto-carrasquilla,Panama_Squad.json
969870,Adam Hlozek,8496,Czechia,Midfielder,https://www.fotmob.com/en-GB/players/969870/adam-hlozek,Czechia_Squad.json
1797902,Adem Arous,6719,Tunisia,Defender,https://www.fotmob.com/en-GB/players/1797902/adem-arous,Tunisia_Squad.json
1298669,Adil Boulbina,6317,Algeria,Forward,https://www.fotmob.com/en-GB/players/1298669/adil-boulbina,Algeria_Squad.json
352879,Adrien Rabiot,6723,France,Midfielder,https://www.fotmob.com/en-GB/players/352879/adrien-rabiot,France_Squad.json
840212,Agustín Canobbio,5796,Uruguay,Forward,https://www.fotmob.com/en-GB/players/840212/agustin-canobbio,Uruguay_Squad.json
849334,Ahmed Abou El Fotouh,10255,Egypt,Defender,https://www.fotmob.com/en-GB/players/849334/ahmed-fatouh,Egypt_Squad.json
1210913,Ahmed Al Ganehi,5902,Qatar,Forward,https://www.fotmob.com/en-GB/players/1210913/ahmed-al-ganehi,Qatar_Squad.json
264096,Ahmed Alaa,5902,Qatar,Forward,https://www.fotmob.com/en-GB/players/264096/ahmed-alaa,Qatar_Squad.json
898424,Ahmed Fathy,5902,Qatar,Midfielder,https://www.fotmob.com/en-GB/players/898424/ahmed-fathy,Qatar_Squad.json
1224691,Ahmed Qasem,5819,Iraq,Forward,https://www.fotmob.com/en-GB/players/1224691/ahmed-qasem,Iraq_Squad.json
785377,Aiden O'Neill,6716,Australia,Midfielder,https://www.fotmob.com/en-GB/players/785377/aiden-oneill,Australia_Squad.json
1042511,Aimar Sher,5819,Iraq,Midfielder,https://www.fotmob.com/en-GB/players/1042511/aimar-sher,Iraq_Squad.json
675762,Ajdin Hrustic,6716,Australia,Midfielder,https://www.fotmob.com/en-GB/players/675762/ajdin-hrustic,Australia_Squad.json
1606279,Akam Hashem,5819,Iraq,Defender,https://www.fotmob.com/en-GB/players/1606279/akam-hashim,Iraq_Squad.json
929168,Akmal Mozgovoy,8700,Uzbekistan,Midfielder,https://www.fotmob.com/en-GB/players/929168/akmal-mozgovoy,Uzbekistan_Squad.json
613792,Akram Afif,5902,Qatar,Forward,https://www.fotmob.com/en-GB/players/613792/akram-afif,Qatar_Squad.json
1642780,Al Hashmi Al Hussain,5902,Qatar,Defender,https://www.fotmob.com/en-GB/players/1642780/al-hashmi-al-hussain,Qatar_Squad.json
697618,Alaa Hajji,7795,Saudi Arabia,Midfielder,https://www.fotmob.com/en-GB/players/697618/alaa-al-hejji,Saudi_Arabia_Squad.json
832171,Alan Franco,6707,Ecuador,Midfielder,https://www.fotmob.com/en-GB/players/832171/alan-franco,Ecuador_Squad.json
1274400,Alan Minda,6707,Ecuador,Forward,https://www.fotmob.com/en-GB/players/1274400/alan-minda,Ecuador_Squad.json
183088,Alberto Quintero,5922,Panama,Midfielder,https://www.fotmob.com/en-GB/players/183088/alberto-quintero,Panama_Squad.json
288406,Alejandro Grimaldo,6720,Spain,Defender,https://www.fotmob.com/en-GB/players/288406/alejandro-grimaldo,Spain_Squad.json
600850,Alejandro Romero,6724,Paraguay,Midfielder,https://www.fotmob.com/en-GB/players/600850/alejandro-romero,Paraguay_Squad.json
1473580,Aleksandar Pavlovic,8570,Germany,Midfielder,https://www.fotmob.com/en-GB/players/1473580/aleksandar-pavlovic,Germany_Squad.json
1318686,Alessandro Circati,6716,Australia,Defender,https://www.fotmob.com/en-GB/players/1318686/alessandro-circati,Australia_Squad.json
461357,Alessandro Schöpf,8255,Austria,Midfielder,https://www.fotmob.com/en-GB/players/461357/alessandro-schopf,Austria_Squad.json
1338696,Alex Freeman,6713,USA,Defender,https://www.fotmob.com/en-GB/players/1338696/alex-freeman,USA_Squad.json
519240,Alex Rufer,5820,New Zealand,Midfielder,https://www.fotmob.com/en-GB/players/519240/alex-rufer,New_Zealand_Squad.json
157865,Alex Sandro,8256,Brazil,Defender,https://www.fotmob.com/en-GB/players/157865/alex-sandro,Brazil_Squad.json
1014688,Alexander Bernhardsson,8520,Sweden,Midfielder,https://www.fotmob.com/en-GB/players/1014688/alexander-bernhardsson,Sweden_Squad.json
690107,Alexander Isak,8520,Sweden,Forward,https://www.fotmob.com/en-GB/players/690107/alexander-isak,Sweden_Squad.json
1027194,Alexander Prass,8255,Austria,Midfielder,https://www.fotmob.com/en-GB/players/1027194/alexander-prass,Austria_Squad.json
440330,Alexander Sørloth,8492,Norway,Forward,https://www.fotmob.com/en-GB/players/440330/alexander-sorloth,Norway_Squad.json
1478281,Alexandr Sojka,8496,Czechia,Midfielder,https://www.fotmob.com/en-GB/players/1478281/alexandr-sojka,Czechia_Squad.json
1736527,Alexandro Maidana,6724,Paraguay,Defender,https://www.fotmob.com/en-GB/players/1736527/alexandro-maidana,Paraguay_Squad.json
831489,Alexis Mac Allister,6706,Argentina,Midfielder,https://www.fotmob.com/en-GB/players/831489/alexis-mac-allister,Argentina_Squad.json
921341,Alexis Saelemaekers,8263,Belgium,Midfielder,https://www.fotmob.com/en-GB/players/921341/alexis-saelemaekers,Belgium_Squad.json
728365,Alexis Vega,6710,Mexico,Forward,https://www.fotmob.com/en-GB/players/728365/alexis-vega,Mexico_Squad.json
789598,Alfie Jones,5810,Canada,Defender,https://www.fotmob.com/en-GB/players/789598/alfie-jones,Canada_Squad.json
90006317,Algeria Keepers,6317,Algeria,Goalkeeper,https://www.fotmob.com/en-GB/teams/6317/squad/algeria,Algeria_Squad.json
566187,Ali Abdi,6719,Tunisia,Defender,https://www.fotmob.com/en-GB/players/566187/ali-abdi,Tunisia_Squad.json
1359536,Ali Ahmed,5810,Canada,Forward,https://www.fotmob.com/en-GB/players/1359536/ali-ahmed,Canada_Squad.json
1113688,Ali Al Hamadi,5819,Iraq,Forward,https://www.fotmob.com/en-GB/players/1113688/ali-al-hamadi,Iraq_Squad.json
1642793,Ali Al-Azaizeh,5816,Jordan,Midfielder,https://www.fotmob.com/en-GB/players/1642793/ali-azaizeh,Jordan_Squad.json
505960,Ali Alipour,6711,Iran,Forward,https://www.fotmob.com/en-GB/players/505960/ali-alipour,Iran_Squad.json
1478238,Ali Jasim,5819,Iraq,Forward,https://www.fotmob.com/en-GB/players/1478238/ali-jasim,Iraq_Squad.json
640284,Ali Lajami,7795,Saudi Arabia,Defender,https://www.fotmob.com/en-GB/players/640284/ali-lajami,Saudi_Arabia_Squad.json
910986,Ali Majrashi,7795,Saudi Arabia,Defender,https://www.fotmob.com/en-GB/players/910986/ali-majrashi,Saudi_Arabia_Squad.json
872575,Ali Nemati,6711,Iran,Defender,https://www.fotmob.com/en-GB/players/872575/ali-nemati,Iran_Squad.json
1028896,Ali Olwan,5816,Jordan,Forward,https://www.fotmob.com/en-GB/players/1028896/ali-olwan,Jordan_Squad.json
1132572,Ali Yousif,5819,Iraq,Forward,https://www.fotmob.com/en-GB/players/1132572/ali-yousif,Iraq_Squad.json
1177779,Alidu Seidu,6714,Ghana,Defender,https://www.fotmob.com/en-GB/players/1177779/alidu-seidu,Ghana_Squad.json
466890,Alireza Jahanbakhsh,6711,Iran,Forward,https://www.fotmob.com/en-GB/players/466890/alireza-jahanbakhsh,Iran_Squad.json
1055426,Alistair Johnston,5810,Canada,Defender,https://www.fotmob.com/en-GB/players/1055426/alistair-johnston,Canada_Squad.json
644017,Almoez Ali,5902,Qatar,Forward,https://www.fotmob.com/en-GB/players/644017/almoez-ali,Qatar_Squad.json
751202,Alphonso Davies,5810,Canada,Defender,https://www.fotmob.com/en-GB/players/751202/alphonso-davies,Canada_Squad.json
1070052,Amad Diallo,6709,Ivory Coast,Forward,https://www.fotmob.com/en-GB/players/1070052/amad-diallo,Ivory_Coast_Squad.json
1185748,Amadou Onana,8263,Belgium,Midfielder,https://www.fotmob.com/en-GB/players/1185748/amadou-onana,Belgium_Squad.json
958010,Amar Dedic,10106,Bosnia and Herzegovina,Defender,https://www.fotmob.com/en-GB/players/958010/amar-dedic,Bosnia_and_Herzegovina_Squad.json
1300385,Amar Memic,10106,Bosnia and Herzegovina,Defender,https://www.fotmob.com/en-GB/players/1300385/amar-memic,Bosnia_and_Herzegovina_Squad.json
1213678,Amer Jamous,5816,Jordan,Midfielder,https://www.fotmob.com/en-GB/players/1213678/amer-jamous,Jordan_Squad.json
1131928,Amine Ben Hamida,6719,Tunisia,Defender,https://www.fotmob.com/en-GB/players/1131928/mohamed-amine-ben-hmida,Tunisia_Squad.json
844437,Amine Gouiri,6317,Algeria,Forward,https://www.fotmob.com/en-GB/players/844437/amine-gouiri,Algeria_Squad.json
1242587,Amine Sbaï,6262,Morocco,Forward,https://www.fotmob.com/en-GB/players/1242587/amine-sbai,manual_wc2026_callup
858340,Amir Al-Ammari,5819,Iraq,Midfielder,https://www.fotmob.com/en-GB/players/858340/amir-al-ammari,Iraq_Squad.json
639558,Amir Hadziahmetovic,10106,Bosnia and Herzegovina,Midfielder,https://www.fotmob.com/en-GB/players/639558/amir-hadziahmetovic,Bosnia_and_Herzegovina_Squad.json
1583232,Amir Mohammad Razzaghinia,6711,Iran,Midfielder,https://www.fotmob.com/en-GB/players/1583232/amirmohammad-razaghinia,Iran_Squad.json
643635,Amir Murillo,5922,Panama,Defender,https://www.fotmob.com/en-GB/players/643635/amir-murillo,Panama_Squad.json
1031319,Amirhossein Hosseinzadeh,6711,Iran,Forward,https://www.fotmob.com/en-GB/players/1031319/amirhossein-hosseinzadeh,Iran_Squad.json
1050838,Anass Salah-Eddine,6262,Morocco,Defender,https://www.fotmob.com/en-GB/players/1050838/anass-salah-eddine,Morocco_Squad.json
1228558,Andreas Schjelderup,8492,Norway,Forward,https://www.fotmob.com/en-GB/players/1228558/andreas-schjelderup,Norway_Squad.json
173461,Andrej Kramaric,10155,Croatia,Midfielder,https://www.fotmob.com/en-GB/players/173461/andrej-kramaric,Croatia_Squad.json
357880,Andrew Robertson,8498,Scotland,Defender,https://www.fotmob.com/en-GB/players/357880/andrew-robertson,Scotland_Squad.json
688449,Andrés Andrade,5922,Panama,Defender,https://www.fotmob.com/en-GB/players/688449/andres-andrade,Panama_Squad.json
529625,Andrés Cubas,6724,Paraguay,Midfielder,https://www.fotmob.com/en-GB/players/529625/andres-cubas,Paraguay_Squad.json
1353421,Andrés Gómez,8258,Colombia,Forward,https://www.fotmob.com/en-GB/players/1353421/andres-gomez,Colombia_Squad.json
1199383,Ange-Yoan Bonny,6709,Ivory Coast,Forward,https://www.fotmob.com/en-GB/players/1199383/ange-yoan-bonny,Ivory_Coast_Squad.json
1071186,Angelo Stiller,8570,Germany,Midfielder,https://www.fotmob.com/en-GB/players/1071186/angelo-stiller,Germany_Squad.json
1055316,Anis Ben Slimane,6719,Tunisia,Midfielder,https://www.fotmob.com/en-GB/players/1055316/anis-ben-slimane,Tunisia_Squad.json
1576876,Anis Hadj Moussa,6317,Algeria,Forward,https://www.fotmob.com/en-GB/players/1576876/anis-hadj-moussa,Algeria_Squad.json
251269,Ante Budimir,10155,Croatia,Forward,https://www.fotmob.com/en-GB/players/251269/ante-budimir,Croatia_Squad.json
1050166,Anthony Elanga,8520,Sweden,Forward,https://www.fotmob.com/en-GB/players/1050166/anthony-elanga,Sweden_Squad.json
906937,Anthony Gordon,8491,England,Forward,https://www.fotmob.com/en-GB/players/906937/anthony-gordon,England_Squad.json
668422,Anthony Ralston,8498,Scotland,Defender,https://www.fotmob.com/en-GB/players/668422/anthony-ralston,Scotland_Squad.json
1353364,Anthony Valencia,6707,Ecuador,Midfielder,https://www.fotmob.com/en-GB/players/1353364/anthony-valencia,Ecuador_Squad.json
1254147,Antoine Mendy,6395,Senegal,Defender,https://www.fotmob.com/en-GB/players/1254147/antoine-mendy,Senegal_Squad.json
933576,Antoine Semenyo,6714,Ghana,Forward,https://www.fotmob.com/en-GB/players/933576/antoine-semenyo,Ghana_Squad.json
662428,Antonee Robinson,6713,USA,Defender,https://www.fotmob.com/en-GB/players/662428/antonee-robinson,USA_Squad.json
1248482,Antonio Nusa,8492,Norway,Forward,https://www.fotmob.com/en-GB/players/1248482/antonio-nusa,Norway_Squad.json
276738,Antonio Rüdiger,8570,Germany,Defender,https://www.fotmob.com/en-GB/players/276738/antonio-rudiger,Germany_Squad.json
474448,Antonio Sanabria,6724,Paraguay,Forward,https://www.fotmob.com/en-GB/players/474448/antonio-sanabria,Paraguay_Squad.json
308131,Aníbal Godoy,5922,Panama,Midfielder,https://www.fotmob.com/en-GB/players/308131/anibal-godoy,Panama_Squad.json
935728,Ao Tanaka,6715,Japan,Midfielder,https://www.fotmob.com/en-GB/players/935728/ao-tanaka,Japan_Squad.json
1253890,Arda Güler,6595,Turkiye,Midfielder,https://www.fotmob.com/en-GB/players/1253890/arda-guler,Turkiye_Squad.json
1163219,Ardon Jashari,6717,Switzerland,Midfielder,https://www.fotmob.com/en-GB/players/1163219/ardon-jashari,Switzerland_Squad.json
90006706,Argentina Keepers,6706,Argentina,Goalkeeper,https://www.fotmob.com/en-GB/teams/6706/squad/argentina,Argentina_Squad.json
1515122,Arjan Malic,10106,Bosnia and Herzegovina,Defender,https://www.fotmob.com/en-GB/players/1515122/arjan-malic,manual_wc2026_callup
1180735,Arjany Martha,287981,Curacao,Forward,https://www.fotmob.com/en-GB/players/1180735/arjany-martha,Curacao_Squad.json
1456983,Armando González,6710,Mexico,Forward,https://www.fotmob.com/en-GB/players/1456983/armando-gonzalez,Mexico_Squad.json
794244,Armando Obispo,287981,Curacao,Defender,https://www.fotmob.com/en-GB/players/794244/armando-obispo,Curacao_Squad.json
1057426,Armin Gigovic,10106,Bosnia and Herzegovina,Midfielder,https://www.fotmob.com/en-GB/players/1057426/armin-gigovic,Bosnia_and_Herzegovina_Squad.json
418137,Arthur Masuaku,6321,DR Congo,Defender,https://www.fotmob.com/en-GB/players/418137/arthur-masuaku,DR_Congo_Squad.json
1173250,Arthur Theate,8263,Belgium,Defender,https://www.fotmob.com/en-GB/players/1173250/arthur-theate,Belgium_Squad.json
1350138,Arya Yousefi,6711,Iran,Defender,https://www.fotmob.com/en-GB/players/1350138/aria-yousefi,Iran_Squad.json
1486541,Assan Ouédraogo,8570,Germany,Midfielder,https://www.fotmob.com/en-GB/players/1486541/assan-ouedraogo,Germany_Squad.json
1434889,Assane Diao,6395,Senegal,Forward,https://www.fotmob.com/en-GB/players/1434889/assane-diao,Senegal_Squad.json
615414,Assim Madibo,5902,Qatar,Midfielder,https://www.fotmob.com/en-GB/players/615414/assim-madibo,Qatar_Squad.json
616179,Aubrey Modiba,6316,South Africa,Defender,https://www.fotmob.com/en-GB/players/616179/aubrey-modiba,South_Africa_Squad.json
1211610,Augustine Boakye,6714,Ghana,Forward,https://www.fotmob.com/en-GB/players/1211610/augustine-boakye,Ghana_Squad.json
1257648,Aurèle Amenda,6717,Switzerland,Defender,https://www.fotmob.com/en-GB/players/1257648/aurele-amenda,Switzerland_Squad.json
914458,Aurélien Tchouaméni,6723,France,Midfielder,https://www.fotmob.com/en-GB/players/914458/aurelien-tchouameni,France_Squad.json
688271,Auston Trusty,6713,USA,Defender,https://www.fotmob.com/en-GB/players/688271/auston-trusty,USA_Squad.json
90006716,Australia Keepers,6716,Australia,Goalkeeper,https://www.fotmob.com/en-GB/teams/6716/squad/australia,Australia_Squad.json
90008255,Austria Keepers,8255,Austria,Goalkeeper,https://www.fotmob.com/en-GB/teams/8255/squad/austria,Austria_Squad.json
1029597,Avazbek Ulasmaliev,8700,Uzbekistan,Defender,https://www.fotmob.com/en-GB/players/1029597/avazbek-ulasmaliev,Uzbekistan_Squad.json
421328,Awer Mabil,6716,Australia,Forward,https://www.fotmob.com/en-GB/players/421328/awer-mabil,Australia_Squad.json
690149,Axel Tuanzebe,6321,DR Congo,Defender,https://www.fotmob.com/en-GB/players/690149/axel-tuanzebe,DR_Congo_Squad.json
39591,Axel Witsel,8263,Belgium,Midfielder,https://www.fotmob.com/en-GB/players/39591/axel-witsel,Belgium_Squad.json
942393,Ayase Ueda,6715,Japan,Forward,https://www.fotmob.com/en-GB/players/942393/ayase-ueda,Japan_Squad.json
674332,Ayman Hussein,5819,Iraq,Forward,https://www.fotmob.com/en-GB/players/674332/aymen-hussein,Iraq_Squad.json
1095207,Ayman Yahya,7795,Saudi Arabia,Defender,https://www.fotmob.com/en-GB/players/1095207/aiman-yahya,Saudi_Arabia_Squad.json
411617,Aymeric Laporte,6720,Spain,Defender,https://www.fotmob.com/en-GB/players/411617/aymeric-laporte,Spain_Squad.json
1432180,Ayoub Al Oui,5902,Qatar,Defender,https://www.fotmob.com/en-GB/players/1432180/ayoub-al-oui,Qatar_Squad.json
884382,Ayoub El Kaabi,6262,Morocco,Forward,https://www.fotmob.com/en-GB/players/884382/ayoub-el-kaabi,Morocco_Squad.json
1680173,Ayoube Amaimouni-Echghouyab,6262,Morocco,Forward,https://www.fotmob.com/en-GB/players/1680173/ayoube-amaimouni-echghouyab,Morocco_Squad.json
857120,Ayumu Seko,6715,Japan,Defender,https://www.fotmob.com/en-GB/players/857120/ayumu-seko,Japan_Squad.json
1561552,Ayyoub Bouaddi,6262,Morocco,Midfielder,https://www.fotmob.com/en-GB/players/1561552/ayyoub-bouaddi,Morocco_Squad.json
1404414,Azarías Londoño,5922,Panama,Forward,https://www.fotmob.com/en-GB/players/1404414/azarias-londono,Panama_Squad.json
192735,Aziz Behich,6716,Australia,Defender,https://www.fotmob.com/en-GB/players/192735/aziz-behich,Australia_Squad.json
629823,Aziz G'aniev,8700,Uzbekistan,Midfielder,https://www.fotmob.com/en-GB/players/629823/azizjon-ganiev,Uzbekistan_Squad.json
933051,Azizbek Amonov,8700,Uzbekistan,Forward,https://www.fotmob.com/en-GB/players/933051/azizbek-amonov,Uzbekistan_Squad.json
1073143,Azzedine Ounahi,6262,Morocco,Midfielder,https://www.fotmob.com/en-GB/players/1073143/azzedine-ounahi,Morocco_Squad.json
210683,Aïssa Mandi,6317,Algeria,Defender,https://www.fotmob.com/en-GB/players/210683/aissa-mandi,Algeria_Squad.json
1230848,Bamba Dieng,6395,Senegal,Forward,https://www.fotmob.com/en-GB/players/1230848/bamba-dieng,Senegal_Squad.json
1798782,Bara Ndiaye,6395,Senegal,Midfielder,https://www.fotmob.com/en-GB/players/1798782/bara-ndiaye,Senegal_Squad.json
890232,Baris Alper Yilmaz,6595,Turkiye,Forward,https://www.fotmob.com/en-GB/players/890232/baris-alper-yilmaz,Turkiye_Squad.json
1624586,Bazoumana Touré,6709,Ivory Coast,Forward,https://www.fotmob.com/en-GB/players/1624586/bazoumana-toure,Ivory_Coast_Squad.json
1898281,Bekhruz Karimov,8700,Uzbekistan,Defender,https://www.fotmob.com/en-GB/players/1898281/behruzjon-karimov,Uzbekistan_Squad.json
90008263,Belgium Keepers,8263,Belgium,Goalkeeper,https://www.fotmob.com/en-GB/teams/8263/squad/belgium,Belgium_Squad.json
1324871,Ben Gannon-Doak,8498,Scotland,Forward,https://www.fotmob.com/en-GB/players/1324871/ben-gannon-doak,Scotland_Squad.json
1034995,Ben Waine,5820,New Zealand,Forward,https://www.fotmob.com/en-GB/players/1034995/ben-waine,New_Zealand_Squad.json
931605,Benjamin Nygren,8520,Sweden,Midfielder,https://www.fotmob.com/en-GB/players/931605/benjamin-nygren,Sweden_Squad.json
1257745,Benjamin Old,5820,New Zealand,Defender,https://www.fotmob.com/en-GB/players/1257745/benjamin-old,New_Zealand_Squad.json
1415104,Benjamin Tahirovic,10106,Bosnia and Herzegovina,Midfielder,https://www.fotmob.com/en-GB/players/1415104/benjamin-tahirovic,Bosnia_and_Herzegovina_Squad.json
488139,Bernardo Silva,8361,Portugal,Midfielder,https://www.fotmob.com/en-GB/players/488139/bernardo-silva,Portugal_Squad.json
1338361,Besfort Zeneli,8520,Sweden,Midfielder,https://www.fotmob.com/en-GB/players/1338361/besfort-zeneli,Sweden_Squad.json
1340895,Bilal El Khannouss,6262,Morocco,Midfielder,https://www.fotmob.com/en-GB/players/1340895/bilal-el-khannouss,Morocco_Squad.json
609505,Borja Iglesias,6720,Spain,Forward,https://www.fotmob.com/en-GB/players/609505/borja-iglesias,Spain_Squad.json
90010106,Bosnia and Herzegovina Keepers,10106,Bosnia and Herzegovina,Goalkeeper,https://www.fotmob.com/en-GB/teams/10106/squad/bosnia-herzegovina,Bosnia_and_Herzegovina_Squad.json
308921,Boualem Khoukhi,5902,Qatar,Defender,https://www.fotmob.com/en-GB/players/308921/boualem-khoukhi,Qatar_Squad.json
1297165,Bradley Barcola,6723,France,Forward,https://www.fotmob.com/en-GB/players/1297165/bradley-barcola,France_Squad.json
1202481,Bradley Cross,6316,South Africa,Defender,https://www.fotmob.com/en-GB/players/1202481/bradley-cross,South_Africa_Squad.json
750027,Brahim Díaz,6262,Morocco,Forward,https://www.fotmob.com/en-GB/players/750027/brahim-diaz,Morocco_Squad.json
1075065,Braian Ojeda,6724,Paraguay,Midfielder,https://www.fotmob.com/en-GB/players/1075065/braian-ojeda,Paraguay_Squad.json
352358,Brandley Kuwas,287981,Curacao,Forward,https://www.fotmob.com/en-GB/players/352358/brandley-kuwas,Curacao_Squad.json
445873,Brandon Mechele,8263,Belgium,Defender,https://www.fotmob.com/en-GB/players/445873/brandon-mechele,Belgium_Squad.json
776184,Brandon Thomas-Asante,6714,Ghana,Forward,https://www.fotmob.com/en-GB/players/776184/brandon-thomas-asante,Ghana_Squad.json
90008256,Brazil Keepers,8256,Brazil,Goalkeeper,https://www.fotmob.com/en-GB/teams/8256/squad/brazil,Brazil_Squad.json
527103,Breel Embolo,6717,Switzerland,Forward,https://www.fotmob.com/en-GB/players/527103/breel-embolo,Switzerland_Squad.json
952322,Brenden Aaronson,6713,USA,Midfielder,https://www.fotmob.com/en-GB/players/952322/brenden-aaronson,USA_Squad.json
940446,Brian Brobbey,6708,Netherlands,Forward,https://www.fotmob.com/en-GB/players/940446/brian-brobbey,Netherlands_Squad.json
1302121,Brian Cipenga,6321,DR Congo,Forward,https://www.fotmob.com/en-GB/players/1302121/brian-cipenga,DR_Congo_Squad.json
1170238,Brian Gutiérrez,6710,Mexico,Midfielder,https://www.fotmob.com/en-GB/players/1170238/brian-gutierrez,Mexico_Squad.json
941660,Brian Rodríguez,5796,Uruguay,Forward,https://www.fotmob.com/en-GB/players/941660/brian-rodriguez,Uruguay_Squad.json
422685,Bruno Fernandes,8361,Portugal,Midfielder,https://www.fotmob.com/en-GB/players/422685/bruno-fernandes,Portugal_Squad.json
850354,Bruno Guimarães,8256,Brazil,Midfielder,https://www.fotmob.com/en-GB/players/850354/bruno-guimaraes,Brazil_Squad.json
961995,Bukayo Saka,8491,England,Forward,https://www.fotmob.com/en-GB/players/961995/bukayo-saka,England_Squad.json
602261,Caglar Söyüncü,6595,Turkiye,Defender,https://www.fotmob.com/en-GB/players/602261/caglar-soyuncu,Turkiye_Squad.json
1615927,Caleb Yirenkyi,6714,Ghana,Midfielder,https://www.fotmob.com/en-GB/players/1615927/caleb-yirenkyi,Ghana_Squad.json
1013276,Callan Elliot,5820,New Zealand,Defender,https://www.fotmob.com/en-GB/players/1013276/callan-elliot,New_Zealand_Squad.json
848352,Callum McCowatt,5820,New Zealand,Midfielder,https://www.fotmob.com/en-GB/players/848352/callum-mccowatt,New_Zealand_Squad.json
564842,Cameron Burgess,6716,Australia,Defender,https://www.fotmob.com/en-GB/players/564842/cameron-burgess,Australia_Squad.json
970544,Cameron Devlin,6716,Australia,Midfielder,https://www.fotmob.com/en-GB/players/970544/cameron-devlin,Australia_Squad.json
1367924,Can Uzun,6595,Turkiye,Midfielder,https://www.fotmob.com/en-GB/players/1367924/can-uzun,Turkiye_Squad.json
90005810,Canada Keepers,5810,Canada,Goalkeeper,https://www.fotmob.com/en-GB/teams/5810/squad/canada,Canada_Squad.json
90005888,Cape Verde Keepers,5888,Cape Verde,Goalkeeper,https://www.fotmob.com/en-GB/teams/5888/squad/cape-verde,Cape_Verde_Squad.json
1107287,Carl Sainté,5934,Haiti,Defender,https://www.fotmob.com/en-GB/players/1107287/carl-sainte,Haiti_Squad.json
497662,Carl Starfelt,8520,Sweden,Defender,https://www.fotmob.com/en-GB/players/497662/carl-starfelt,Sweden_Squad.json
634110,Carlens Arcus,5934,Haiti,Defender,https://www.fotmob.com/en-GB/players/634110/carlens-arcus,Haiti_Squad.json
1017520,Carlos Harvey,5922,Panama,Defender,https://www.fotmob.com/en-GB/players/1017520/carlos-harvey,Panama_Squad.json
1089685,Carney Chukwuemeka,8255,Austria,Midfielder,https://www.fotmob.com/en-GB/players/1089685/carney-chukwuemeka,Austria_Squad.json
208494,Casemiro,8256,Brazil,Midfielder,https://www.fotmob.com/en-GB/players/208494/casemiro,Brazil_Squad.json
312159,Cecilio Waterman,5922,Panama,Forward,https://www.fotmob.com/en-GB/players/312159/cecilio-waterman,Panama_Squad.json
726956,Cedric Itten,6717,Switzerland,Forward,https://www.fotmob.com/en-GB/players/726956/cedric-itten,Switzerland_Squad.json
1187506,Chadi Riad,6262,Morocco,Defender,https://www.fotmob.com/en-GB/players/1187506/chadi-riad,Morocco_Squad.json
277761,Chancel Mbemba,6321,DR Congo,Defender,https://www.fotmob.com/en-GB/players/277761/chancel-mbemba,DR_Congo_Squad.json
1095432,Charles De Ketelaere,8263,Belgium,Midfielder,https://www.fotmob.com/en-GB/players/1095432/charles-de-ketelaere,Belgium_Squad.json
743720,Charles Pickel,6321,DR Congo,Midfielder,https://www.fotmob.com/en-GB/players/743720/charles-pickel,DR_Congo_Squad.json
1368654,Chemsdine Talbi,6262,Morocco,Forward,https://www.fotmob.com/en-GB/players/1368654/chemsdine-talbi,Morocco_Squad.json
819972,Cherif Ndiaye,6395,Senegal,Forward,https://www.fotmob.com/en-GB/players/819972/cherif-ndiaye,Senegal_Squad.json
1326507,Cho Wi-Je,7804,South Korea,Defender,https://www.fotmob.com/en-GB/players/1326507/wi-je-cho,South_Korea_Squad.json
950829,Chris Richards,6713,USA,Defender,https://www.fotmob.com/en-GB/players/950829/chris-richards,USA_Squad.json
169719,Chris Wood,5820,New Zealand,Forward,https://www.fotmob.com/en-GB/players/169719/chris-wood,New_Zealand_Squad.json
1666494,Christ Inao Oulaï,6709,Ivory Coast,Midfielder,https://www.fotmob.com/en-GB/players/1666494/christ-inao-oulai,Ivory_Coast_Squad.json
618774,Christian Fassnacht,6717,Switzerland,Forward,https://www.fotmob.com/en-GB/players/618774/christian-fassnacht,Switzerland_Squad.json
688295,Christian Pulisic,6713,USA,Forward,https://www.fotmob.com/en-GB/players/688295/christian-pulisic,USA_Squad.json
1452385,Christopher Bonsu Baah,6714,Ghana,Midfielder,https://www.fotmob.com/en-GB/players/1452385/christopher-bonsu-baah,Ghana_Squad.json
802462,Christopher Opéri,6709,Ivory Coast,Defender,https://www.fotmob.com/en-GB/players/802462/christopher-operi,Ivory_Coast_Squad.json
599353,Ché Adams,8498,Scotland,Forward,https://www.fotmob.com/en-GB/players/599353/che-adams,Scotland_Squad.json
806552,Cody Gakpo,6708,Netherlands,Forward,https://www.fotmob.com/en-GB/players/806552/cody-gakpo,Netherlands_Squad.json
90008258,Colombia Keepers,8258,Colombia,Goalkeeper,https://www.fotmob.com/en-GB/teams/8258/squad/colombia,Colombia_Squad.json
885870,Connor Metcalfe,6716,Australia,Midfielder,https://www.fotmob.com/en-GB/players/885870/connor-metcalfe,Australia_Squad.json
727101,Cristian Martínez,5922,Panama,Midfielder,https://www.fotmob.com/en-GB/players/727101/cristian-martinez,Panama_Squad.json
621946,Cristian Roldan,6713,USA,Midfielder,https://www.fotmob.com/en-GB/players/621946/cristian-roldan,USA_Squad.json
789066,Cristian Romero,6706,Argentina,Defender,https://www.fotmob.com/en-GB/players/789066/cristian-romero,Argentina_Squad.json
1308909,Cristian Volpato,6716,Australia,Forward,https://www.fotmob.com/en-GB/players/1308909/cristian-volpato,Australia_Squad.json
30893,Cristiano Ronaldo,8361,Portugal,Forward,https://www.fotmob.com/en-GB/players/30893/cristiano-ronaldo,Portugal_Squad.json
90010155,Croatia Keepers,10155,Croatia,Goalkeeper,https://www.fotmob.com/en-GB/teams/10155/squad/croatia,Croatia_Squad.json
941213,Crysencio Summerville,6708,Netherlands,Forward,https://www.fotmob.com/en-GB/players/941213/crysencio-summerville,Netherlands_Squad.json
90287981,Curacao Keepers,287981,Curacao,Goalkeeper,https://www.fotmob.com/en-GB/teams/287981/squad/curacao,Curacao_Squad.json
544312,Cyle Larin,5810,Canada,Forward,https://www.fotmob.com/en-GB/players/544312/cyle-larin,Canada_Squad.json
90008496,Czechia Keepers,8496,Czechia,Goalkeeper,https://www.fotmob.com/en-GB/teams/8496/squad/czechia,Czechia_Squad.json
201939,Cédric Bakambu,6321,DR Congo,Forward,https://www.fotmob.com/en-GB/players/201939/cedric-bakambu,DR_Congo_Squad.json
888966,César Blackman,5922,Panama,Defender,https://www.fotmob.com/en-GB/players/888966/cesar-blackman,Panama_Squad.json
977404,César Huerta,6710,Mexico,Forward,https://www.fotmob.com/en-GB/players/977404/cesar-huerta,Mexico_Squad.json
664644,César Montes,6710,Mexico,Defender,https://www.fotmob.com/en-GB/players/664644/cesar-montes,Mexico_Squad.json
1137803,César Yanis,5922,Panama,Midfielder,https://www.fotmob.com/en-GB/players/1137803/cesar-yanis,Panama_Squad.json
621515,Daichi Kamada,6715,Japan,Midfielder,https://www.fotmob.com/en-GB/players/621515/daichi-kamada,Japan_Squad.json
1309634,Dailon Livramento,5888,Cape Verde,Forward,https://www.fotmob.com/en-GB/players/1309634/dailon-livramento,Cape_Verde_Squad.json
728765,Daizen Maeda,6715,Japan,Forward,https://www.fotmob.com/en-GB/players/728765/daizen-maeda,Japan_Squad.json
1252913,Damián Bobadilla,6724,Paraguay,Midfielder,https://www.fotmob.com/en-GB/players/1252913/damian-bobadilla,Paraguay_Squad.json
1022649,Dan Ndoye,6717,Switzerland,Forward,https://www.fotmob.com/en-GB/players/1022649/dan-ndoye,Switzerland_Squad.json
614834,Dani Olmo,6720,Spain,Midfielder,https://www.fotmob.com/en-GB/players/614834/dani-olmo,Spain_Squad.json
1729681,Danial Eiri,6711,Iran,Defender,https://www.fotmob.com/en-GB/players/1729681/danial-eiri,Iran_Squad.json
188058,Daniel Burn,8491,England,Defender,https://www.fotmob.com/en-GB/players/188058/daniel-burn,England_Squad.json
859282,Daniel Muñoz,8258,Colombia,Defender,https://www.fotmob.com/en-GB/players/859282/daniel-munoz,Colombia_Squad.json
1209228,Daniel Svensson,8520,Sweden,Defender,https://www.fotmob.com/en-GB/players/1209228/daniel-svensson,Sweden_Squad.json
208077,Danilo,8256,Brazil,Defender,https://www.fotmob.com/en-GB/players/208077/danilo,Brazil_Squad.json
1181700,Danilo Santos,8256,Brazil,Midfielder,https://www.fotmob.com/en-GB/players/1181700/danilo,Brazil_Squad.json
1329461,Danley Jean Jacques,5934,Haiti,Midfielder,https://www.fotmob.com/en-GB/players/1329461/danley-jean-jacques,Haiti_Squad.json
950561,Darwin Núñez,5796,Uruguay,Forward,https://www.fotmob.com/en-GB/players/950561/darwin-nunez,Uruguay_Squad.json
1073980,David Affengruber,8255,Austria,Defender,https://www.fotmob.com/en-GB/players/1073980/david-affengruber,Austria_Squad.json
121633,David Alaba,8255,Austria,Defender,https://www.fotmob.com/en-GB/players/121633/david-alaba,Austria_Squad.json
883759,David Doudera,8496,Czechia,Midfielder,https://www.fotmob.com/en-GB/players/883759/david-doudera,Czechia_Squad.json
1247323,David Jurásek,8496,Czechia,Defender,https://www.fotmob.com/en-GB/players/1247323/david-jurasek,Czechia_Squad.json
1049679,David Møller Wolfe,8492,Norway,Defender,https://www.fotmob.com/en-GB/players/1049679/david-moller-wolfe,Norway_Squad.json
806669,David Raum,8570,Germany,Defender,https://www.fotmob.com/en-GB/players/806669/david-raum,Germany_Squad.json
1085401,David Zima,8496,Czechia,Defender,https://www.fotmob.com/en-GB/players/1085401/david-zima,Czechia_Squad.json
643533,Davinson Sánchez,8258,Colombia,Defender,https://www.fotmob.com/en-GB/players/643533/davinson-sanchez,Colombia_Squad.json
658554,Dayot Upamecano,6723,France,Defender,https://www.fotmob.com/en-GB/players/658554/dayot-upamecano,France_Squad.json
654096,Declan Rice,8491,England,Midfielder,https://www.fotmob.com/en-GB/players/654096/declan-rice,England_Squad.json
578756,Deiver Machado,8258,Colombia,Defender,https://www.fotmob.com/en-GB/players/578756/deiver-machado,Colombia_Squad.json
1477417,Denil Castillo,6707,Ecuador,Midfielder,https://www.fotmob.com/en-GB/players/1477417/denil-castillo,Ecuador_Squad.json
1202885,Denis Visinsky,8496,Czechia,Forward,https://www.fotmob.com/en-GB/players/1202885/denis-visinsky,Czechia_Squad.json
598355,Denis Zakaria,6717,Switzerland,Defender,https://www.fotmob.com/en-GB/players/598355/denis-zakaria,Switzerland_Squad.json
1406300,Deniz Gül,6595,Turkiye,Forward,https://www.fotmob.com/en-GB/players/1406300/deniz-gul,Turkiye_Squad.json
661519,Deniz Undav,8570,Germany,Forward,https://www.fotmob.com/en-GB/players/661519/deniz-undav,Germany_Squad.json
892709,Dennis Eckert,6711,Iran,Midfielder,https://www.fotmob.com/en-GB/players/892709/dennis-eckert,Iran_Squad.json
797797,Dennis Hadzikadunic,10106,Bosnia and Herzegovina,Defender,https://www.fotmob.com/en-GB/players/797797/dennis-hadzikadunic,Bosnia_and_Herzegovina_Squad.json
593118,Denzel Dumfries,6708,Netherlands,Midfielder,https://www.fotmob.com/en-GB/players/593118/denzel-dumfries,Netherlands_Squad.json
847629,Derek Cornelius,5810,Canada,Defender,https://www.fotmob.com/en-GB/players/847629/derek-cornelius,Canada_Squad.json
798069,Deroy Duarte,5888,Cape Verde,Midfielder,https://www.fotmob.com/en-GB/players/798069/deroy-duarte,Cape_Verde_Squad.json
643482,Derrick Etienne,5934,Haiti,Forward,https://www.fotmob.com/en-GB/players/643482/derrick-etienne,Haiti_Squad.json
562801,Derrick Luckassen,6714,Ghana,Defender,https://www.fotmob.com/en-GB/players/562801/derrick-luckassen,Ghana_Squad.json
1335315,Deveron Fonville,287981,Curacao,Defender,https://www.fotmob.com/en-GB/players/1335315/deveron-fonville,Curacao_Squad.json
1354561,Diego Gómez,6724,Paraguay,Forward,https://www.fotmob.com/en-GB/players/1354561/diego-gomez,Paraguay_Squad.json
1342754,Diego Moreira,8263,Belgium,Forward,https://www.fotmob.com/en-GB/players/1342754/diego-moreira,Belgium_Squad.json
496648,Diney Borges,5888,Cape Verde,Defender,https://www.fotmob.com/en-GB/players/496648/diney-borges,Cape_Verde_Squad.json
751550,Diogo Dalot,8361,Portugal,Defender,https://www.fotmob.com/en-GB/players/751550/diogo-dalot,Portugal_Squad.json
894803,Djed Spence,8491,England,Defender,https://www.fotmob.com/en-GB/players/894803/djed-spence,England_Squad.json
707970,Djibril Sow,6717,Switzerland,Midfielder,https://www.fotmob.com/en-GB/players/707970/djibril-sow,Switzerland_Squad.json
688876,Dodi Lukébakio,8263,Belgium,Forward,https://www.fotmob.com/en-GB/players/688876/dodi-lukebakio,Belgium_Squad.json
694558,Dominic Hyam,8498,Scotland,Defender,https://www.fotmob.com/en-GB/players/694558/dominic-hyam,Scotland_Squad.json
1356595,Dominique Simon,5934,Haiti,Midfielder,https://www.fotmob.com/en-GB/players/1356595/dominique-simon,Haiti_Squad.json
1079194,Don Deedson Louicius,5934,Haiti,Forward,https://www.fotmob.com/en-GB/players/1079194/don-deedson-louicius,Haiti_Squad.json
660301,Donyell Malen,6708,Netherlands,Forward,https://www.fotmob.com/en-GB/players/660301/donyell-malen,Netherlands_Squad.json
619508,Dostonbek Khamdamov,8700,Uzbekistan,Midfielder,https://www.fotmob.com/en-GB/players/619508/dostonbek-khamdamov,Uzbekistan_Squad.json
346000,Douglas Santos,8256,Brazil,Defender,https://www.fotmob.com/en-GB/players/346000/douglas-santos,Brazil_Squad.json
90006321,DR Congo Keepers,6321,DR Congo,Goalkeeper,https://www.fotmob.com/en-GB/teams/6321/squad/dr-congo,DR_Congo_Squad.json
525445,Duckens Nazon,5934,Haiti,Forward,https://www.fotmob.com/en-GB/players/525445/duckens-nazon,Haiti_Squad.json
557799,Duje Caleta-Car,10155,Croatia,Defender,https://www.fotmob.com/en-GB/players/557799/duje-caleta-car,Croatia_Squad.json
649744,Duke Lacroix,5934,Haiti,Defender,https://www.fotmob.com/en-GB/players/649744/duke-lacroix,Haiti_Squad.json
751762,Dylan Batubinsika,6321,DR Congo,Defender,https://www.fotmob.com/en-GB/players/751762/dylan-batubinsika,DR_Congo_Squad.json
771686,Dylan Bronn,6719,Tunisia,Defender,https://www.fotmob.com/en-GB/players/771686/dylan-bronn,Tunisia_Squad.json
660148,Dzenis Burnic,10106,Bosnia and Herzegovina,Midfielder,https://www.fotmob.com/en-GB/players/660148/dzenis-burnic,Bosnia_and_Herzegovina_Squad.json
1339208,Désiré Doué,6723,France,Forward,https://www.fotmob.com/en-GB/players/1339208/desire-doue,France_Squad.json
818975,Eberechi Eze,8491,England,Midfielder,https://www.fotmob.com/en-GB/players/818975/eberechi-eze,England_Squad.json
90006707,Ecuador Keepers,6707,Ecuador,Goalkeeper,https://www.fotmob.com/en-GB/teams/6707/squad/ecuador,Ecuador_Squad.json
1454648,Edgardo Fariña,5922,Panama,Defender,https://www.fotmob.com/en-GB/players/1454648/edgardo-farina,Panama_Squad.json
15403,Edin Dzeko,10106,Bosnia and Herzegovina,Forward,https://www.fotmob.com/en-GB/players/15403/edin-dzeko,Bosnia_and_Herzegovina_Squad.json
365245,Edmílson Junior,5902,Qatar,Forward,https://www.fotmob.com/en-GB/players/365245/edmilson-junior,Qatar_Squad.json
909803,Edo Kayembe,6321,DR Congo,Midfielder,https://www.fotmob.com/en-GB/players/909803/edo-kayembe,DR_Congo_Squad.json
783505,Edson Álvarez,6710,Mexico,Midfielder,https://www.fotmob.com/en-GB/players/783505/edson-alvarez,Mexico_Squad.json
90010255,Egypt Keepers,10255,Egypt,Goalkeeper,https://www.fotmob.com/en-GB/teams/10255/squad/egypt,Egypt_Squad.json
546201,Ehsan Haddad,5816,Jordan,Midfielder,https://www.fotmob.com/en-GB/players/546201/ehsan-haddad,Jordan_Squad.json
117222,Ehsan Hajisafi,6711,Iran,Defender,https://www.fotmob.com/en-GB/players/117222/ehsan-haji-safi,Iran_Squad.json
619513,Eldor Shomurodov,8700,Uzbekistan,Midfielder,https://www.fotmob.com/en-GB/players/619513/eldor-shomurodov,Uzbekistan_Squad.json
1015128,Elias Achouri,6719,Tunisia,Midfielder,https://www.fotmob.com/en-GB/players/1015128/elias-achouri,Tunisia_Squad.json
1285773,Elias Saad,6719,Tunisia,Forward,https://www.fotmob.com/en-GB/players/1285773/elias-saad,Tunisia_Squad.json
1053736,Elijah Just,5820,New Zealand,Midfielder,https://www.fotmob.com/en-GB/players/1053736/elijah-just,New_Zealand_Squad.json
883823,Elisha Owusu,6714,Ghana,Midfielder,https://www.fotmob.com/en-GB/players/883823/elisha-owusu,Ghana_Squad.json
1089691,Elliot Anderson,8491,England,Midfielder,https://www.fotmob.com/en-GB/players/1089691/elliot-anderson,England_Squad.json
1272349,Elliot Stroud,8520,Sweden,Midfielder,https://www.fotmob.com/en-GB/players/1272349/elliot-stroud,Sweden_Squad.json
574642,Ellyes Skhiri,6719,Tunisia,Midfielder,https://www.fotmob.com/en-GB/players/574642/ellyes-skhiri,Tunisia_Squad.json
1213430,Elye Wahi,6709,Ivory Coast,Forward,https://www.fotmob.com/en-GB/players/1213430/elye-wahi,Ivory_Coast_Squad.json
979376,Emam Ashour,10255,Egypt,Midfielder,https://www.fotmob.com/en-GB/players/979376/emam-ashour,Egypt_Squad.json
1137909,Emiliano Martínez,5796,Uruguay,Midfielder,https://www.fotmob.com/en-GB/players/1137909/emiliano-martinez,Uruguay_Squad.json
1114979,Emmanuel Agbadou,6709,Ivory Coast,Defender,https://www.fotmob.com/en-GB/players/1114979/emmanuel-agbadou,Ivory_Coast_Squad.json
1406729,Endrick,8256,Brazil,Forward,https://www.fotmob.com/en-GB/players/1406729/endrick,Brazil_Squad.json
90008491,England Keepers,8491,England,Goalkeeper,https://www.fotmob.com/en-GB/teams/8491/squad/england,England_Squad.json
195927,Enner Valencia,6707,Ecuador,Forward,https://www.fotmob.com/en-GB/players/195927/enner-valencia,Ecuador_Squad.json
1137705,Enzo Fernández,6706,Argentina,Midfielder,https://www.fotmob.com/en-GB/players/1137705/enzo-fernandez,Argentina_Squad.json
705484,Eray Cömert,6717,Switzerland,Defender,https://www.fotmob.com/en-GB/players/705484/eray-comert,Switzerland_Squad.json
1041660,Eren Elmali,6595,Turkiye,Defender,https://www.fotmob.com/en-GB/players/1041660/eren-elmali,Turkiye_Squad.json
940573,Eric García,6720,Spain,Defender,https://www.fotmob.com/en-GB/players/940573/eric-garcia,Spain_Squad.json
531327,Eric Smith,8520,Sweden,Defender,https://www.fotmob.com/en-GB/players/531327/eric-smith,Sweden_Squad.json
737066,Erling Haaland,8492,Norway,Forward,https://www.fotmob.com/en-GB/players/737066/erling-haaland,Norway_Squad.json
840241,Ermedin Demirovic,10106,Bosnia and Herzegovina,Forward,https://www.fotmob.com/en-GB/players/840241/ermedin-demirovic,Bosnia_and_Herzegovina_Squad.json
1528815,Ermin Mahmic,10106,Bosnia and Herzegovina,Midfielder,https://www.fotmob.com/en-GB/players/1528815/ermin-mahmic,Bosnia_and_Herzegovina_Squad.json
1338390,Ernest Nuamah,6714,Ghana,Forward,https://www.fotmob.com/en-GB/players/1338390/ernest-nuamah,Ghana_Squad.json
1346860,Esmir Bajraktarevic,10106,Bosnia and Herzegovina,Forward,https://www.fotmob.com/en-GB/players/1346860/esmir-bajraktarevic,Bosnia_and_Herzegovina_Squad.json
787242,Evan N'Dicka,6709,Ivory Coast,Defender,https://www.fotmob.com/en-GB/players/787242/evan-ndicka,Ivory_Coast_Squad.json
1087966,Evann Guessand,6709,Ivory Coast,Forward,https://www.fotmob.com/en-GB/players/1087966/evann-guessand,Ivory_Coast_Squad.json
1137059,Evidence Makgopa,6316,South Africa,Forward,https://www.fotmob.com/en-GB/players/1137059/evidence-makgopa,South_Africa_Squad.json
693599,Exequiel Palacios,6706,Argentina,Midfielder,https://www.fotmob.com/en-GB/players/693599/exequiel-palacios,Argentina_Squad.json
710159,Ezri Konsa,8491,England,Defender,https://www.fotmob.com/en-GB/players/710159/ezri-konsa,England_Squad.json
1161211,Fabian Rieder,6717,Switzerland,Midfielder,https://www.fotmob.com/en-GB/players/1161211/fabian-rieder,Switzerland_Squad.json
359188,Fabinho,8256,Brazil,Midfielder,https://www.fotmob.com/en-GB/players/359188/fabinho,Brazil_Squad.json
307438,Fabián Balbuena,6724,Paraguay,Defender,https://www.fotmob.com/en-GB/players/307438/fabian-balbuena,Paraguay_Squad.json
605654,Fabián Ruiz,6720,Spain,Midfielder,https://www.fotmob.com/en-GB/players/605654/fabian-ruiz,Spain_Squad.json
812652,Facundo Medina,6706,Argentina,Defender,https://www.fotmob.com/en-GB/players/812652/facundo-medina,Argentina_Squad.json
1073402,Facundo Pellistri,5796,Uruguay,Forward,https://www.fotmob.com/en-GB/players/1073402/facundo-pellistri,Uruguay_Squad.json
589585,Farrukh Sayfiev,8700,Uzbekistan,Defender,https://www.fotmob.com/en-GB/players/589585/farrukh-sayfiev,Uzbekistan_Squad.json
1345875,Farès Chaïbi,6317,Algeria,Midfielder,https://www.fotmob.com/en-GB/players/1345875/fares-chaibi,Algeria_Squad.json
1523327,Farès Ghedjemis,6317,Algeria,Forward,https://www.fotmob.com/en-GB/players/1523327/fares-ghedjemis,Algeria_Squad.json
743533,Federico Valverde,5796,Uruguay,Defender,https://www.fotmob.com/en-GB/players/743533/federico-valverde,Uruguay_Squad.json
1032811,Federico Viñas,5796,Uruguay,Forward,https://www.fotmob.com/en-GB/players/1032811/federico-vinas,Uruguay_Squad.json
966019,Felix Nmecha,8570,Germany,Midfielder,https://www.fotmob.com/en-GB/players/966019/felix-nmecha,Germany_Squad.json
774448,Ferdi Kadioglu,6595,Turkiye,Defender,https://www.fotmob.com/en-GB/players/774448/ferdi-kadioglu,Turkiye_Squad.json
881771,Ferran Torres,6720,Spain,Forward,https://www.fotmob.com/en-GB/players/881771/ferran-torres,Spain_Squad.json
643638,Fidel Escobar,5922,Panama,Defender,https://www.fotmob.com/en-GB/players/643638/fidel-escobar,Panama_Squad.json
1558461,Findlay Curtis,8498,Scotland,Forward,https://www.fotmob.com/en-GB/players/1558461/findlay-curtis,Scotland_Squad.json
1325761,Finn Surman,5820,New Zealand,Defender,https://www.fotmob.com/en-GB/players/1325761/finn-surman,New_Zealand_Squad.json
844226,Firas Al-Buraikan,7795,Saudi Arabia,Forward,https://www.fotmob.com/en-GB/players/844226/feras-al-brikan,Saudi_Arabia_Squad.json
845336,Firas Chaouat,6719,Tunisia,Forward,https://www.fotmob.com/en-GB/players/845336/firas-chaouat,Tunisia_Squad.json
1116042,Fiston Mayele,6321,DR Congo,Forward,https://www.fotmob.com/en-GB/players/1116042/fiston-mayele,DR_Congo_Squad.json
617044,Florian Grillitsch,8255,Austria,Midfielder,https://www.fotmob.com/en-GB/players/617044/florian-grillitsch,Austria_Squad.json
1152455,Florian Wirtz,8570,Germany,Forward,https://www.fotmob.com/en-GB/players/1152455/florian-wirtz,Germany_Squad.json
982677,Folarin Balogun,6713,USA,Forward,https://www.fotmob.com/en-GB/players/982677/folarin-balogun,USA_Squad.json
90006723,France Keepers,6723,France,Goalkeeper,https://www.fotmob.com/en-GB/teams/6723/squad/france,France_Squad.json
825593,Francis de Vries,5820,New Zealand,Defender,https://www.fotmob.com/en-GB/players/825593/francis-de-vries,New_Zealand_Squad.json
1185336,Francisco Conceição,8361,Portugal,Midfielder,https://www.fotmob.com/en-GB/players/1185336/francisco-conceicao,Portugal_Squad.json
579747,Franck Kessié,6709,Ivory Coast,Midfielder,https://www.fotmob.com/en-GB/players/579747/franck-kessie,Ivory_Coast_Squad.json
320139,Frans Putros,5819,Iraq,Midfielder,https://www.fotmob.com/en-GB/players/320139/frans-putros,Iraq_Squad.json
833641,Frantzdy Pierrot,5934,Haiti,Forward,https://www.fotmob.com/en-GB/players/833641/frantzdy-pierrot,Haiti_Squad.json
630228,Fredrik André Bjørkan,8492,Norway,Defender,https://www.fotmob.com/en-GB/players/630228/fredrik-andre-bjorkan,Norway_Squad.json
310768,Fredrik Aursnes,8492,Norway,Midfielder,https://www.fotmob.com/en-GB/players/310768/fredrik-aursnes,Norway_Squad.json
638622,Frenkie de Jong,6708,Netherlands,Midfielder,https://www.fotmob.com/en-GB/players/638622/frenkie-de-jong,Netherlands_Squad.json
825641,Félix Torres,6707,Ecuador,Defender,https://www.fotmob.com/en-GB/players/825641/felix-torres,Ecuador_Squad.json
795179,Gabriel,8256,Brazil,Defender,https://www.fotmob.com/en-GB/players/795179/gabriel,Brazil_Squad.json
744494,Gabriel Gudmundsson,8520,Sweden,Defender,https://www.fotmob.com/en-GB/players/744494/gabriel-gudmundsson,Sweden_Squad.json
1021586,Gabriel Martinelli,8256,Brazil,Forward,https://www.fotmob.com/en-GB/players/1021586/gabriel-martinelli,Brazil_Squad.json
425711,Gabriel Ávalos,6724,Paraguay,Forward,https://www.fotmob.com/en-GB/players/425711/gabriel-avalos,Paraguay_Squad.json
302912,Garry Rodrigues,5888,Cape Verde,Forward,https://www.fotmob.com/en-GB/players/302912/garry-rodrigues,Cape_Verde_Squad.json
1286428,Garven Metusala,5934,Haiti,Defender,https://www.fotmob.com/en-GB/players/1286428/garven-metusala,manual_wc2026_callup
1279040,Gavi,6720,Spain,Midfielder,https://www.fotmob.com/en-GB/players/1279040/gavi,Spain_Squad.json
163205,Gaël Kakuta,6321,DR Congo,Forward,https://www.fotmob.com/en-GB/players/163205/gael-kakuta,DR_Congo_Squad.json
750033,George Hirst,8498,Scotland,Forward,https://www.fotmob.com/en-GB/players/750033/george-hirst,Scotland_Squad.json
90008570,Germany Keepers,8570,Germany,Goalkeeper,https://www.fotmob.com/en-GB/teams/8570/squad/germany,Germany_Squad.json
380942,Gervane Kastaneer,287981,Curacao,Forward,https://www.fotmob.com/en-GB/players/380942/gervane-kastaneer,Curacao_Squad.json
1603755,Gessime Yassine,6262,Morocco,Forward,https://www.fotmob.com/en-GB/players/1603755/gessime-yassine,Morocco_Squad.json
90006714,Ghana Keepers,6714,Ghana,Goalkeeper,https://www.fotmob.com/en-GB/teams/6714/squad/ghana,Ghana_Squad.json
740997,Ghislain Konan,6709,Ivory Coast,Defender,https://www.fotmob.com/en-GB/players/740997/ghislain-konan,Ivory_Coast_Squad.json
771630,Gideon Mensah,6714,Ghana,Defender,https://www.fotmob.com/en-GB/players/771630/gideon-mensah,Ghana_Squad.json
1670377,Gilberto Mora,6710,Mexico,Midfielder,https://www.fotmob.com/en-GB/players/1670377/gilberto-mora,Mexico_Squad.json
1241302,Gilson Tavares,5888,Cape Verde,Forward,https://www.fotmob.com/en-GB/players/1241302/gilson-tavares,Cape_Verde_Squad.json
438647,Giorgian de Arrascaeta,5796,Uruguay,Midfielder,https://www.fotmob.com/en-GB/players/438647/giorgian-de-arrascaeta,Uruguay_Squad.json
604126,Giovani Lo Celso,6706,Argentina,Midfielder,https://www.fotmob.com/en-GB/players/604126/giovani-lo-celso,Argentina_Squad.json
1071179,Giovanni Reyna,6713,USA,Midfielder,https://www.fotmob.com/en-GB/players/1071179/giovanni-reyna,USA_Squad.json
1226147,Giuliano Simeone,6706,Argentina,Midfielder,https://www.fotmob.com/en-GB/players/1226147/giuliano-simeone,Argentina_Squad.json
857269,Gleison Bremer,8256,Brazil,Defender,https://www.fotmob.com/en-GB/players/857269/gleison-bremer,Brazil_Squad.json
938524,Godfried Roemeratoe,287981,Curacao,Midfielder,https://www.fotmob.com/en-GB/players/938524/godfried-roemeratoe,Curacao_Squad.json
687008,Gonzalo Montiel,6706,Argentina,Defender,https://www.fotmob.com/en-GB/players/687008/gonzalo-montiel,Argentina_Squad.json
980311,Gonzalo Plata,6707,Ecuador,Forward,https://www.fotmob.com/en-GB/players/980311/gonzalo-plata,Ecuador_Squad.json
536455,Gonçalo Guedes,8361,Portugal,Forward,https://www.fotmob.com/en-GB/players/536455/goncalo-guedes,Portugal_Squad.json
1165710,Gonçalo Inácio,8361,Portugal,Defender,https://www.fotmob.com/en-GB/players/1165710/goncalo-inacio,Portugal_Squad.json
940087,Gonçalo Ramos,8361,Portugal,Forward,https://www.fotmob.com/en-GB/players/940087/goncalo-ramos,Portugal_Squad.json
207236,Granit Xhaka,6717,Switzerland,Midfielder,https://www.fotmob.com/en-GB/players/207236/granit-xhaka,Switzerland_Squad.json
202180,Grant Hanley,8498,Scotland,Defender,https://www.fotmob.com/en-GB/players/202180/grant-hanley,Scotland_Squad.json
1026781,Gue-Sung Cho,7804,South Korea,Forward,https://www.fotmob.com/en-GB/players/1026781/gue-sung-cho,South_Korea_Squad.json
558539,Guillermo Martínez,6710,Mexico,Forward,https://www.fotmob.com/en-GB/players/558539/guillermo-martinez,Mexico_Squad.json
465614,Guillermo Varela,5796,Uruguay,Defender,https://www.fotmob.com/en-GB/players/465614/guillermo-varela,Uruguay_Squad.json
919848,Gustaf Lagerbielke,8520,Sweden,Defender,https://www.fotmob.com/en-GB/players/919848/gustaf-lagerbielke,Sweden_Squad.json
118241,Gustaf Nilsson,8520,Sweden,Forward,https://www.fotmob.com/en-GB/players/118241/gustaf-nilsson,Sweden_Squad.json
1347933,Gustavo Caballero,6724,Paraguay,Forward,https://www.fotmob.com/en-GB/players/1347933/gustavo-caballero,Paraguay_Squad.json
274392,Gustavo Gómez,6724,Paraguay,Defender,https://www.fotmob.com/en-GB/players/274392/gustavo-gomez,Paraguay_Squad.json
1331597,Gustavo Puerta,8258,Colombia,Midfielder,https://www.fotmob.com/en-GB/players/1331597/gustavo-puerta,Colombia_Squad.json
497352,Gustavo Velázquez,6724,Paraguay,Defender,https://www.fotmob.com/en-GB/players/497352/gustavo-velazquez,Paraguay_Squad.json
774947,Guus Til,6708,Netherlands,Forward,https://www.fotmob.com/en-GB/players/774947/guus-til,Netherlands_Squad.json
1395704,Guéla Doué,6709,Ivory Coast,Defender,https://www.fotmob.com/en-GB/players/1395704/guela-doue,Ivory_Coast_Squad.json
1022309,Gédéon Kalulu,6321,DR Congo,Defender,https://www.fotmob.com/en-GB/players/1022309/gedeon-kalulu,DR_Congo_Squad.json
1285866,Habib Diarra,6395,Senegal,Midfielder,https://www.fotmob.com/en-GB/players/1285866/habib-diarra,Senegal_Squad.json
1131896,Hadj Mahmoud,6719,Tunisia,Midfielder,https://www.fotmob.com/en-GB/players/1131896/hadj-mahmoud,Tunisia_Squad.json
971787,Haissem Hassan,10255,Egypt,Forward,https://www.fotmob.com/en-GB/players/971787/haissem-hassan,Egypt_Squad.json
90005934,Haiti Keepers,5934,Haiti,Goalkeeper,https://www.fotmob.com/en-GB/teams/5934/squad/haiti,Haiti_Squad.json
848268,Haji Wright,6713,USA,Forward,https://www.fotmob.com/en-GB/players/848268/haji-wright,USA_Squad.json
304733,Hakan Çalhanoglu,6595,Turkiye,Midfielder,https://www.fotmob.com/en-GB/players/304733/hakan-calhanoglu,Turkiye_Squad.json
1022128,Hamdi Fathy,10255,Egypt,Midfielder,https://www.fotmob.com/en-GB/players/1022128/hamdi-fathy,Egypt_Squad.json
1927440,Hamza Abdelkarim,10255,Egypt,Forward,https://www.fotmob.com/en-GB/players/1927440/hamza-abdelkarim,Egypt_Squad.json
1232253,Han-Beom Lee,7804,South Korea,Defender,https://www.fotmob.com/en-GB/players/1232253/han-beom-lee,South_Korea_Squad.json
822716,Hannes Delcroix,5934,Haiti,Defender,https://www.fotmob.com/en-GB/players/822716/hannes-delcroix,Haiti_Squad.json
1113785,Hannibal Mejbri,6719,Tunisia,Midfielder,https://www.fotmob.com/en-GB/players/1113785/hannibal-mejbri,Tunisia_Squad.json
203666,Hans Vanaken,8263,Belgium,Midfielder,https://www.fotmob.com/en-GB/players/203666/hans-vanaken,Belgium_Squad.json
388903,Haris Tabakovic,10106,Bosnia and Herzegovina,Forward,https://www.fotmob.com/en-GB/players/388903/haris-tabakovic,Bosnia_and_Herzegovina_Squad.json
194165,Harry Kane,8491,England,Forward,https://www.fotmob.com/en-GB/players/194165/harry-kane,England_Squad.json
671518,Harry Souttar,6716,Australia,Defender,https://www.fotmob.com/en-GB/players/671518/harry-souttar,Australia_Squad.json
431215,Hasan Kadesh,7795,Saudi Arabia,Defender,https://www.fotmob.com/en-GB/players/431215/hassan-kadish,Saudi_Arabia_Squad.json
117539,Hassan Al Haydos,5902,Qatar,Forward,https://www.fotmob.com/en-GB/players/117539/hassan-al-haydos,Qatar_Squad.json
848607,Hassan Al Tambakti,7795,Saudi Arabia,Defender,https://www.fotmob.com/en-GB/players/848607/hassan-al-tambakti,Saudi_Arabia_Squad.json
1311408,Hazem Mastouri,6719,Tunisia,Forward,https://www.fotmob.com/en-GB/players/1311408/hazem-mastouri,Tunisia_Squad.json
620026,Hee-Chan Hwang,7804,South Korea,Forward,https://www.fotmob.com/en-GB/players/620026/hee-chan-hwang,South_Korea_Squad.json
1110550,Henrik Falchener,8492,Norway,Defender,https://www.fotmob.com/en-GB/players/1110550/henrik-falchener,Norway_Squad.json
946703,Herman Johansson,8520,Sweden,Midfielder,https://www.fotmob.com/en-GB/players/946703/herman-johansson,Sweden_Squad.json
212867,Heung-Min Son,7804,South Korea,Forward,https://www.fotmob.com/en-GB/players/212867/heung-min-son,South_Korea_Squad.json
1033099,Hicham Boudaoui,6317,Algeria,Midfielder,https://www.fotmob.com/en-GB/players/1033099/hicham-boudaoui,Algeria_Squad.json
851626,Hiroki Ito,6715,Japan,Defender,https://www.fotmob.com/en-GB/players/851626/hiroki-ito,Japan_Squad.json
831044,Hjalmar Ekdal,8520,Sweden,Defender,https://www.fotmob.com/en-GB/players/831044/hjalmar-ekdal,Sweden_Squad.json
937414,Homam Elamin,5902,Qatar,Defender,https://www.fotmob.com/en-GB/players/937414/homam-el-amin,Qatar_Squad.json
1384425,Hossam Abdelmaguid,10255,Egypt,Defender,https://www.fotmob.com/en-GB/players/1384425/hossam-abdelmaguid,Egypt_Squad.json
500637,Hossein Kanani,6711,Iran,Defender,https://www.fotmob.com/en-GB/players/500637/hossein-kanaani,Iran_Squad.json
776299,Houssem Aouar,6317,Algeria,Midfielder,https://www.fotmob.com/en-GB/players/776299/houssem-aouar,Algeria_Squad.json
1764021,Hugo Sochurek,8496,Czechia,Midfielder,https://www.fotmob.com/en-GB/players/1764021/hugo-sochurek,Czechia_Squad.json
1554109,Husam Abu Dahab,5816,Jordan,Defender,https://www.fotmob.com/en-GB/players/1554109/husam-abu-dahab,Jordan_Squad.json
1092563,Hussein Ali,5819,Iraq,Defender,https://www.fotmob.com/en-GB/players/1092563/hussein-ali,Iraq_Squad.json
1044299,Hyun-Gyu Oh,7804,South Korea,Forward,https://www.fotmob.com/en-GB/players/1044299/hyun-gyu-oh,South_Korea_Squad.json
1232560,Hyun-Jun Yang,7804,South Korea,Forward,https://www.fotmob.com/en-GB/players/1232560/hyun-jun-yang,South_Korea_Squad.json
1524518,Hélio Varela,5888,Cape Verde,Forward,https://www.fotmob.com/en-GB/players/1524518/helio-varela,Cape_Verde_Squad.json
862538,Ibañez,8256,Brazil,Defender,https://www.fotmob.com/en-GB/players/862538/ibanez,Brazil_Squad.json
1272436,Ibrahim Adel,10255,Egypt,Forward,https://www.fotmob.com/en-GB/players/1272436/ibrahim-adel,Egypt_Squad.json
942834,Ibrahim Bayesh,5819,Iraq,Midfielder,https://www.fotmob.com/en-GB/players/942834/ibrahim-bayesh,Iraq_Squad.json
1457626,Ibrahim Maza,6317,Algeria,Midfielder,https://www.fotmob.com/en-GB/players/1457626/ibrahim-maza,Algeria_Squad.json
1593857,Ibrahim Mbaye,6395,Senegal,Forward,https://www.fotmob.com/en-GB/players/1593857/ibrahim-mbaye,Senegal_Squad.json
1202924,Ibrahim Saadeh,5816,Jordan,Midfielder,https://www.fotmob.com/en-GB/players/1202924/ibrahim-sadeh,Jordan_Squad.json
1642791,Ibrahim Sabra,5816,Jordan,Forward,https://www.fotmob.com/en-GB/players/1642791/ibrahim-sabra,Jordan_Squad.json
795371,Ibrahim Sangaré,6709,Ivory Coast,Midfielder,https://www.fotmob.com/en-GB/players/795371/ibrahim-sangare,Ivory_Coast_Squad.json
820140,Ibrahima Konaté,6723,France,Defender,https://www.fotmob.com/en-GB/players/820140/ibrahima-konate,France_Squad.json
179410,Idrissa Gana Gueye,6395,Senegal,Midfielder,https://www.fotmob.com/en-GB/players/179410/idrissa-gana-gueye,Senegal_Squad.json
1210893,Igor Matanovic,10155,Croatia,Forward,https://www.fotmob.com/en-GB/players/1210893/igor-matanovic,Croatia_Squad.json
251915,Igor Sergeev,8700,Uzbekistan,Forward,https://www.fotmob.com/en-GB/players/251915/igor-sergeev,Uzbekistan_Squad.json
1302005,Igor Thiago,8256,Brazil,Forward,https://www.fotmob.com/en-GB/players/1302005/igor-thiago,Brazil_Squad.json
965764,Iliman Ndiaye,6395,Senegal,Forward,https://www.fotmob.com/en-GB/players/965764/iliman-ndiaye,Senegal_Squad.json
1600334,Ime Okon,6316,South Africa,Defender,https://www.fotmob.com/en-GB/players/1600334/ime-okon,South_Africa_Squad.json
623698,In-Beom Hwang,7804,South Korea,Midfielder,https://www.fotmob.com/en-GB/players/623698/beom-hwang,South_Korea_Squad.json
1076668,Iqraam Rayners,6316,South Africa,Forward,https://www.fotmob.com/en-GB/players/1076668/iqraam-rayners,South_Africa_Squad.json
90006711,Iran Keepers,6711,Iran,Goalkeeper,https://www.fotmob.com/en-GB/teams/6711/squad/iran,Iran_Squad.json
90005819,Iraq Keepers,5819,Iraq,Goalkeeper,https://www.fotmob.com/en-GB/teams/5819/squad/iraq,Iraq_Squad.json
316544,Irfan Kahveci,6595,Turkiye,Forward,https://www.fotmob.com/en-GB/players/316544/irfan-kahveci,Turkiye_Squad.json
939780,Isak Hien,8520,Sweden,Defender,https://www.fotmob.com/en-GB/players/939780/isak-hien,Sweden_Squad.json
1033279,Isidro Pitta,6724,Paraguay,Forward,https://www.fotmob.com/en-GB/players/1033279/isidro-pitta,Paraguay_Squad.json
574077,Ismael Díaz,5922,Panama,Forward,https://www.fotmob.com/en-GB/players/574077/ismael-diaz,Panama_Squad.json
1180288,Ismael Saibari,6262,Morocco,Midfielder,https://www.fotmob.com/en-GB/players/1180288/ismael-saibari,Morocco_Squad.json
906945,Ismail Jakobs,6395,Senegal,Defender,https://www.fotmob.com/en-GB/players/906945/ismail-jakobs,Senegal_Squad.json
1183589,Ismail Yüksek,6595,Turkiye,Midfielder,https://www.fotmob.com/en-GB/players/1183589/ismail-yuksek,Turkiye_Squad.json
1244924,Ismaël Gharbi,6719,Tunisia,Midfielder,https://www.fotmob.com/en-GB/players/1244924/ismael-gharbi,Tunisia_Squad.json
1288119,Ismaël Koné,5810,Canada,Midfielder,https://www.fotmob.com/en-GB/players/1288119/ismael-kone,Canada_Squad.json
771294,Ismaïla Sarr,6395,Senegal,Midfielder,https://www.fotmob.com/en-GB/players/771294/ismaila-sarr,Senegal_Squad.json
1074586,Israel Reyes,6710,Mexico,Defender,https://www.fotmob.com/en-GB/players/1074586/israel-reyes,Mexico_Squad.json
696443,Issa Diop,6262,Morocco,Defender,https://www.fotmob.com/en-GB/players/696443/issa-diop,Morocco_Squad.json
1839745,Issa Laye,5902,Qatar,Defender,https://www.fotmob.com/en-GB/players/1839745/issa-laye,Qatar_Squad.json
1179875,Ivan Basic,10106,Bosnia and Herzegovina,Midfielder,https://www.fotmob.com/en-GB/players/1179875/ivan-basic,Bosnia_and_Herzegovina_Squad.json
163670,Ivan Perisic,10155,Croatia,Forward,https://www.fotmob.com/en-GB/players/163670/ivan-perisic,Croatia_Squad.json
541551,Ivan Sunjic,10106,Bosnia and Herzegovina,Midfielder,https://www.fotmob.com/en-GB/players/541551/ivan-sunjic,Bosnia_and_Herzegovina_Squad.json
408987,Ivan Toney,8491,England,Forward,https://www.fotmob.com/en-GB/players/408987/ivan-toney,England_Squad.json
90006709,Ivory Coast Keepers,6709,Ivory Coast,Goalkeeper,https://www.fotmob.com/en-GB/teams/6709/squad/ivory-coast,Ivory_Coast_Squad.json
604105,Iñaki Williams,6714,Ghana,Forward,https://www.fotmob.com/en-GB/players/604105/inaki-williams,Ghana_Squad.json
640642,Jack Hendry,8498,Scotland,Defender,https://www.fotmob.com/en-GB/players/640642/jack-hendry,Scotland_Squad.json
369742,Jackson Irvine,6716,Australia,Midfielder,https://www.fotmob.com/en-GB/players/369742/jackson-irvine,Australia_Squad.json
1032039,Jackson Porozo,6707,Ecuador,Defender,https://www.fotmob.com/en-GB/players/1032039/jackson-porozo,Ecuador_Squad.json
889093,Jacob Italiano,6716,Australia,Midfielder,https://www.fotmob.com/en-GB/players/889093/jacob-italiano,Australia_Squad.json
1023943,Jacob Shaffelburg,5810,Canada,Forward,https://www.fotmob.com/en-GB/players/1023943/jacob-shaffelburg,Canada_Squad.json
523749,Jae-Sung Lee,7804,South Korea,Midfielder,https://www.fotmob.com/en-GB/players/523749/jae-sung-lee,South_Korea_Squad.json
1477513,Jakhongir Urozov,8700,Uzbekistan,Defender,https://www.fotmob.com/en-GB/players/1477513/jakhongir-urozov,Uzbekistan_Squad.json
533382,Jaloliddin Masharipov,8700,Uzbekistan,Midfielder,https://www.fotmob.com/en-GB/players/533382/jaloliddin-masharipov,Uzbekistan_Squad.json
1156141,Jamal Musiala,8570,Germany,Midfielder,https://www.fotmob.com/en-GB/players/1156141/jamal-musiala,Germany_Squad.json
164684,James Rodríguez,8258,Colombia,Midfielder,https://www.fotmob.com/en-GB/players/164684/james-rodriguez,Colombia_Squad.json
1074968,Jamie Leweling,8570,Germany,Forward,https://www.fotmob.com/en-GB/players/1074968/jamie-leweling,Germany_Squad.json
837870,Jaminton Campaz,8258,Colombia,Forward,https://www.fotmob.com/en-GB/players/837870/jaminton-campaz,Colombia_Squad.json
680905,Jamiro Monteiro,5888,Cape Verde,Midfielder,https://www.fotmob.com/en-GB/players/680905/jamiro-monteiro,Cape_Verde_Squad.json
431169,Jamshid Iskandarov,8700,Uzbekistan,Midfielder,https://www.fotmob.com/en-GB/players/431169/jamshid-iskandarov,Uzbekistan_Squad.json
690332,Jan Kuchta,8496,Czechia,Forward,https://www.fotmob.com/en-GB/players/690332/jan-kuchta,Czechia_Squad.json
974618,Jan Paul van Hecke,6708,Netherlands,Defender,https://www.fotmob.com/en-GB/players/974618/jan-paul-van-hecke,Netherlands_Squad.json
1178324,Jaouen Hadjam,6317,Algeria,Defender,https://www.fotmob.com/en-GB/players/1178324/jaouen-hadjam,Algeria_Squad.json
90006715,Japan Keepers,6715,Japan,Goalkeeper,https://www.fotmob.com/en-GB/teams/6715/squad/japan,Japan_Squad.json
1107620,Jarell Quansah,8491,England,Defender,https://www.fotmob.com/en-GB/players/1107620/jarell-quansah,England_Squad.json
249063,Jaroslav Zeleny,8496,Czechia,Defender,https://www.fotmob.com/en-GB/players/249063/jaroslav-zeleny,Czechia_Squad.json
418799,Jason Geria,6716,Australia,Defender,https://www.fotmob.com/en-GB/players/418799/jason-geria,Australia_Squad.json
1195865,Jassem Gaber,5902,Qatar,Midfielder,https://www.fotmob.com/en-GB/players/1195865/jassem-gaber,Qatar_Squad.json
1178629,Jayden Adams,6316,South Africa,Midfielder,https://www.fotmob.com/en-GB/players/1178629/jayden-adams,South_Africa_Squad.json
1082106,Jayden Nelson,5810,Canada,Forward,https://www.fotmob.com/en-GB/players/1082106/jayden-nelson,Canada_Squad.json
470539,Jean Michaël Seri,6709,Ivory Coast,Midfielder,https://www.fotmob.com/en-GB/players/470539/jean-michael-seri,Ivory_Coast_Squad.json
769168,Jean-Kévin Duverne,5934,Haiti,Defender,https://www.fotmob.com/en-GB/players/769168/jean-kevin-duverne,Haiti_Squad.json
706297,Jean-Philippe Mateta,6723,France,Forward,https://www.fotmob.com/en-GB/players/706297/jean-philippe-mateta,France_Squad.json
769166,Jean-Ricner Bellegarde,5934,Haiti,Midfielder,https://www.fotmob.com/en-GB/players/769166/jean-ricner-bellegarde,Haiti_Squad.json
1180784,Jearl Margaritha,287981,Curacao,Forward,https://www.fotmob.com/en-GB/players/1180784/jearl-margaritha,Curacao_Squad.json
466672,Jefferson Lerma,8258,Colombia,Midfielder,https://www.fotmob.com/en-GB/players/466672/jefferson-lerma,Colombia_Squad.json
1232530,Jehad Thakri,7795,Saudi Arabia,Defender,https://www.fotmob.com/en-GB/players/1232530/jehad-thikri,Saudi_Arabia_Squad.json
1185902,Jens Castrop,7804,South Korea,Defender,https://www.fotmob.com/en-GB/players/1185902/jens-castrop,South_Korea_Squad.json
741397,Jens Petter Hauge,8492,Norway,Forward,https://www.fotmob.com/en-GB/players/741397/jens-petter-hauge,Norway_Squad.json
1210947,Jeremy Antonisse,287981,Curacao,Forward,https://www.fotmob.com/en-GB/players/1210947/jeremy-antonisse,Curacao_Squad.json
1418122,Jeremy Arévalo,6707,Ecuador,Forward,https://www.fotmob.com/en-GB/players/1418122/jeremy-arevalo,Ecuador_Squad.json
873227,Jerome Opoku,6714,Ghana,Defender,https://www.fotmob.com/en-GB/players/873227/jerome-opoku,Ghana_Squad.json
322003,Jesper Karlström,8520,Sweden,Midfielder,https://www.fotmob.com/en-GB/players/322003/jesper-karlstrom,Sweden_Squad.json
1460327,Jesse Randall,5820,New Zealand,Midfielder,https://www.fotmob.com/en-GB/players/1460327/jesse-randall,New_Zealand_Squad.json
597976,Jesús Gallardo,6710,Mexico,Defender,https://www.fotmob.com/en-GB/players/597976/jesus-gallardo,Mexico_Squad.json
1023030,Jhon Arias,8258,Colombia,Forward,https://www.fotmob.com/en-GB/players/1023030/jhon-arias,Colombia_Squad.json
291425,Jhon Córdoba,8258,Colombia,Forward,https://www.fotmob.com/en-GB/players/291425/jhon-cordoba,Colombia_Squad.json
860913,Jhon Lucumí,8258,Colombia,Defender,https://www.fotmob.com/en-GB/players/860913/jhon-lucumi,Colombia_Squad.json
1107283,Ji-Sung Eom,7804,South Korea,Forward,https://www.fotmob.com/en-GB/players/1107283/ji-sung-eom,South_Korea_Squad.json
925647,Jin-Seob Park,7804,South Korea,Midfielder,https://www.fotmob.com/en-GB/players/925647/jin-seob-park,South_Korea_Squad.json
688448,Jiovany Ramos,5922,Panama,Defender,https://www.fotmob.com/en-GB/players/688448/jiovany-ramos,Panama_Squad.json
794427,Joao Félix,8361,Portugal,Midfielder,https://www.fotmob.com/en-GB/players/794427/joao-felix,Portugal_Squad.json
1489449,Joaquin Seys,8263,Belgium,Defender,https://www.fotmob.com/en-GB/players/1489449/joaquin-seys,Belgium_Squad.json
861661,Joaquín Piquerez,5796,Uruguay,Defender,https://www.fotmob.com/en-GB/players/861661/joaquin-piquerez,Uruguay_Squad.json
848345,Joe Bell,5820,New Zealand,Midfielder,https://www.fotmob.com/en-GB/players/848345/joe-bell,New_Zealand_Squad.json
1354085,Joel Ordóñez,6707,Ecuador,Defender,https://www.fotmob.com/en-GB/players/1354085/joel-ordonez,Ecuador_Squad.json
1100258,Joel Waterman,5810,Canada,Defender,https://www.fotmob.com/en-GB/players/1100258/joel-waterman,Canada_Squad.json
1520063,Johan Manzambi,6717,Switzerland,Midfielder,https://www.fotmob.com/en-GB/players/1520063/johan-manzambi,Switzerland_Squad.json
474673,Johan Mojica,8258,Colombia,Defender,https://www.fotmob.com/en-GB/players/474673/johan-mojica,Colombia_Squad.json
914103,Johan Vásquez,6710,Mexico,Defender,https://www.fotmob.com/en-GB/players/914103/johan-vasquez,Mexico_Squad.json
356406,John McGinn,8498,Scotland,Forward,https://www.fotmob.com/en-GB/players/356406/john-mcginn,Scotland_Squad.json
419207,John Souttar,8498,Scotland,Defender,https://www.fotmob.com/en-GB/players/419207/john-souttar,Scotland_Squad.json
263653,John Stones,8491,England,Defender,https://www.fotmob.com/en-GB/players/263653/john-stones,England_Squad.json
845368,John Yeboah,6707,Ecuador,Forward,https://www.fotmob.com/en-GB/players/845368/john-yeboah,Ecuador_Squad.json
1432344,Jonas Adjetey,6714,Ghana,Defender,https://www.fotmob.com/en-GB/players/1432344/jonas-adjetey,Ghana_Squad.json
939569,Jonathan David,5810,Canada,Forward,https://www.fotmob.com/en-GB/players/939569/jonathan-david,Canada_Squad.json
432605,Jonathan Osorio,5810,Canada,Midfielder,https://www.fotmob.com/en-GB/players/432605/jonathan-osorio,Canada_Squad.json
469700,Jonathan Tah,8570,Germany,Defender,https://www.fotmob.com/en-GB/players/469700/jonathan-tah,Germany_Squad.json
154280,Jordan Ayew,6714,Ghana,Forward,https://www.fotmob.com/en-GB/players/154280/jordan-ayew,Ghana_Squad.json
1316930,Jordan Bos,6716,Australia,Defender,https://www.fotmob.com/en-GB/players/1316930/jordan-bos,Australia_Squad.json
156008,Jordan Henderson,8491,England,Midfielder,https://www.fotmob.com/en-GB/players/156008/jordan-henderson,England_Squad.json
90005816,Jordan Keepers,5816,Jordan,Goalkeeper,https://www.fotmob.com/en-GB/teams/5816/squad/jordan,Jordan_Squad.json
950396,Jordy Alcívar,6707,Ecuador,Midfielder,https://www.fotmob.com/en-GB/players/950396/jordy-alcivar,Ecuador_Squad.json
766159,Jordy Caicedo,6707,Ecuador,Forward,https://www.fotmob.com/en-GB/players/766159/jordy-caicedo,Ecuador_Squad.json
784834,Jorge Carrascal,8258,Colombia,Forward,https://www.fotmob.com/en-GB/players/784834/jorge-carrascal,Colombia_Squad.json
924235,Jorge Gutiérrez,5922,Panama,Defender,https://www.fotmob.com/en-GB/players/924235/jorge-gutierrez,Panama_Squad.json
727586,Jorge Sánchez,6710,Mexico,Defender,https://www.fotmob.com/en-GB/players/727586/jorge-sanchez,Mexico_Squad.json
500932,Joris Kayembe Ditu,6321,DR Congo,Defender,https://www.fotmob.com/en-GB/players/500932/joris-kayembe-ditu,DR_Congo_Squad.json
1413846,Jorrel Hato,6708,Netherlands,Defender,https://www.fotmob.com/en-GB/players/1413846/jorrel-hato,Netherlands_Squad.json
959696,Joseph Scally,6713,USA,Defender,https://www.fotmob.com/en-GB/players/959696/joseph-scally,USA_Squad.json
389845,Joshua Brenet,287981,Curacao,Defender,https://www.fotmob.com/en-GB/players/389845/joshua-brenet,Curacao_Squad.json
460632,Joshua Kimmich,8570,Germany,Midfielder,https://www.fotmob.com/en-GB/players/460632/joshua-kimmich,Germany_Squad.json
950824,Josip Stanisic,10155,Croatia,Defender,https://www.fotmob.com/en-GB/players/950824/josip-stanisic,Croatia_Squad.json
1186228,Josip Sutalo,10155,Croatia,Defender,https://www.fotmob.com/en-GB/players/1186228/josip-sutalo,Croatia_Squad.json
1070712,Josko Gvardiol,10155,Croatia,Defender,https://www.fotmob.com/en-GB/players/1070712/josko-gvardiol,Croatia_Squad.json
1199382,Josué Casimir,5934,Haiti,Midfielder,https://www.fotmob.com/en-GB/players/1199382/josue-casimir,Haiti_Squad.json
860890,José Canale,6724,Paraguay,Defender,https://www.fotmob.com/en-GB/players/860890/jose-canale,Paraguay_Squad.json
1223132,José Córdoba,5922,Panama,Defender,https://www.fotmob.com/en-GB/players/1223132/jose-cordoba,Panama_Squad.json
940334,José Fajardo,5922,Panama,Forward,https://www.fotmob.com/en-GB/players/940334/jose-fajardo,Panama_Squad.json
474589,José Giménez,5796,Uruguay,Defender,https://www.fotmob.com/en-GB/players/474589/jose-gimenez,Uruguay_Squad.json
940333,José Luis Rodríguez,5922,Panama,Forward,https://www.fotmob.com/en-GB/players/940333/jose-luis-rodriguez,Panama_Squad.json
1216079,José Manuel López,6706,Argentina,Forward,https://www.fotmob.com/en-GB/players/1216079/jose-lopez,Argentina_Squad.json
785716,Jovane Cabral,5888,Cape Verde,Forward,https://www.fotmob.com/en-GB/players/785716/jovane-cabral,Cape_Verde_Squad.json
1174844,Jovo Lukic,10106,Bosnia and Herzegovina,Forward,https://www.fotmob.com/en-GB/players/1174844/jovo-lukic,Bosnia_and_Herzegovina_Squad.json
361757,João Cancelo,8361,Portugal,Defender,https://www.fotmob.com/en-GB/players/361757/joao-cancelo,Portugal_Squad.json
1342757,João Neves,8361,Portugal,Midfielder,https://www.fotmob.com/en-GB/players/1342757/joao-neves,Portugal_Squad.json
1241301,João Paulo,5888,Cape Verde,Defender,https://www.fotmob.com/en-GB/players/1241301/joao-paulo,Cape_Verde_Squad.json
1133495,Juan Cáceres,6724,Paraguay,Defender,https://www.fotmob.com/en-GB/players/1133495/juan-caceres,Paraguay_Squad.json
207617,Juan Fernando Quintero,8258,Colombia,Midfielder,https://www.fotmob.com/en-GB/players/207617/juan-quintero,Colombia_Squad.json
852071,Juan Hernández,8258,Colombia,Forward,https://www.fotmob.com/en-GB/players/852071/juan-hernandez,Colombia_Squad.json
1281230,Juan Portilla,8258,Colombia,Midfielder,https://www.fotmob.com/en-GB/players/1281230/juan-portilla,Colombia_Squad.json
1053963,Juan Sanabria,5796,Uruguay,Defender,https://www.fotmob.com/en-GB/players/1053963/juan-sanabria,Uruguay_Squad.json
1077894,Jude Bellingham,8491,England,Midfielder,https://www.fotmob.com/en-GB/players/1077894/jude-bellingham,England_Squad.json
705450,Jules Koundé,6723,France,Defender,https://www.fotmob.com/en-GB/players/705450/jules-kounde,France_Squad.json
659272,Julian Ryerson,8492,Norway,Defender,https://www.fotmob.com/en-GB/players/659272/julian-ryerson,Norway_Squad.json
1073742,Julio Enciso,6724,Paraguay,Midfielder,https://www.fotmob.com/en-GB/players/1073742/julio-enciso,Paraguay_Squad.json
720560,Julián Quiñones,6710,Mexico,Forward,https://www.fotmob.com/en-GB/players/720560/julian-quinones,Mexico_Squad.json
974753,Julián Álvarez,6706,Argentina,Forward,https://www.fotmob.com/en-GB/players/974753/julian-alvarez,Argentina_Squad.json
1386482,Jun-Ho Bae,7804,South Korea,Midfielder,https://www.fotmob.com/en-GB/players/1386482/jun-ho-bae,South_Korea_Squad.json
614574,Juninho Bacuna,287981,Curacao,Midfielder,https://www.fotmob.com/en-GB/players/614574/juninho-bacuna,Curacao_Squad.json
1337765,Junnosuke Suzuki,6715,Japan,Defender,https://www.fotmob.com/en-GB/players/1337765/junnosuke-suzuki,Japan_Squad.json
604044,Junya Ito,6715,Japan,Forward,https://www.fotmob.com/en-GB/players/604044/junya-ito,Japan_Squad.json
708738,Juriën Gaari,287981,Curacao,Defender,https://www.fotmob.com/en-GB/players/708738/jurien-gaari,Curacao_Squad.json
942381,Jurriën Timber,6708,Netherlands,Defender,https://www.fotmob.com/en-GB/players/942381/jurrien-timber,Netherlands_Squad.json
794253,Justin Kluivert,6708,Netherlands,Midfielder,https://www.fotmob.com/en-GB/players/794253/justin-kluivert,Netherlands_Squad.json
942368,Jérémy Doku,8263,Belgium,Forward,https://www.fotmob.com/en-GB/players/942368/jeremy-doku,Belgium_Squad.json
821100,Jørgen Strand Larsen,8492,Norway,Forward,https://www.fotmob.com/en-GB/players/821100/jorgen-strand-larsen,Norway_Squad.json
466214,Júnior Alonso,6724,Paraguay,Defender,https://www.fotmob.com/en-GB/players/466214/junior-alonso,Paraguay_Squad.json
289441,Jürgen Locadia,287981,Curacao,Forward,https://www.fotmob.com/en-GB/players/289441/jurgen-locadia,Curacao_Squad.json
441164,Kaan Ayhan,6595,Turkiye,Midfielder,https://www.fotmob.com/en-GB/players/441164/kaan-ayhan,Turkiye_Squad.json
749736,Kai Havertz,8570,Germany,Forward,https://www.fotmob.com/en-GB/players/749736/kai-havertz,Germany_Squad.json
1101030,Kai Trewin,6716,Australia,Midfielder,https://www.fotmob.com/en-GB/players/1101030/kai-trewin,Australia_Squad.json
1033111,Kaishu Sano,6715,Japan,Midfielder,https://www.fotmob.com/en-GB/players/1033111/kaishu-sano,Japan_Squad.json
210428,Kalidou Koulibaly,6395,Senegal,Defender,https://www.fotmob.com/en-GB/players/210428/kalidou-koulibaly,Senegal_Squad.json
1130691,Kamaldeen Sulemana,6714,Ghana,Midfielder,https://www.fotmob.com/en-GB/players/1130691/kamaldeen-sulemana,Ghana_Squad.json
1451566,Kamogelo Sebelebele,6316,South Africa,Defender,https://www.fotmob.com/en-GB/players/1451566/kamogelo-sebelebele,South_Africa_Squad.json
940976,Kang-In Lee,7804,South Korea,Midfielder,https://www.fotmob.com/en-GB/players/940976/kang-lee,South_Korea_Squad.json
309153,Karim Boudiaf,5902,Qatar,Midfielder,https://www.fotmob.com/en-GB/players/309153/karim-boudiaf,Qatar_Squad.json
560416,Karim Hafez,10255,Egypt,Defender,https://www.fotmob.com/en-GB/players/560416/karim-hafez,Egypt_Squad.json
1807873,Keeto Thermoncy,5934,Haiti,Defender,https://www.fotmob.com/en-GB/players/1807873/keeto-thermoncy,Haiti_Squad.json
1436730,Keisuke Goto,6715,Japan,Forward,https://www.fotmob.com/en-GB/players/1436730/keisuke-goto,Japan_Squad.json
887704,Keito Nakamura,6715,Japan,Forward,https://www.fotmob.com/en-GB/players/887704/keito-nakamura,Japan_Squad.json
1175733,Kelvin Pires,5888,Cape Verde,Defender,https://www.fotmob.com/en-GB/players/1175733/kelvin-pires,Cape_Verde_Squad.json
520670,Ken Sema,8520,Sweden,Defender,https://www.fotmob.com/en-GB/players/520670/ken-sema,Sweden_Squad.json
1412132,Kenan Yildiz,6595,Turkiye,Midfielder,https://www.fotmob.com/en-GB/players/1412132/kenan-yildiz,Turkiye_Squad.json
1443464,Kendry Páez,6707,Ecuador,Forward,https://www.fotmob.com/en-GB/players/1443464/kendry-paez,Ecuador_Squad.json
643232,Kenji Gorré,287981,Curacao,Forward,https://www.fotmob.com/en-GB/players/643232/kenji-gorre,Curacao_Squad.json
190851,Kenny McLean,8498,Scotland,Midfielder,https://www.fotmob.com/en-GB/players/190851/kenny-mclean,Scotland_Squad.json
1611223,Kento Shiogai,6715,Japan,Forward,https://www.fotmob.com/en-GB/players/1611223/kento-shiogai,Japan_Squad.json
1117570,Kerem Aktürkoglu,6595,Turkiye,Forward,https://www.fotmob.com/en-GB/players/1117570/kerem-akturkoglu,Turkiye_Squad.json
1684401,Kerim Alajbegovic,10106,Bosnia and Herzegovina,Forward,https://www.fotmob.com/en-GB/players/1684401/kerim-alajbegovic,Bosnia_and_Herzegovina_Squad.json
1434853,Kevin Castaño,8258,Colombia,Midfielder,https://www.fotmob.com/en-GB/players/1434853/kevin-castano,Colombia_Squad.json
754126,Kevin Danso,8255,Austria,Defender,https://www.fotmob.com/en-GB/players/754126/kevin-danso,Austria_Squad.json
169200,Kevin De Bruyne,8263,Belgium,Midfielder,https://www.fotmob.com/en-GB/players/169200/kevin-de-bruyne,Belgium_Squad.json
875845,Kevin Felida,287981,Curacao,Midfielder,https://www.fotmob.com/en-GB/players/875845/kevin-felida,Curacao_Squad.json
890503,Kevin Pina,5888,Cape Verde,Midfielder,https://www.fotmob.com/en-GB/players/890503/kevin-pina,Cape_Verde_Squad.json
1421270,Kevin Rodríguez,6707,Ecuador,Forward,https://www.fotmob.com/en-GB/players/1421270/kevin-rodriguez,Ecuador_Squad.json
941579,Kevin Yakob,5819,Iraq,Midfielder,https://www.fotmob.com/en-GB/players/941579/kevin-yakob,Iraq_Squad.json
1024928,Khalid Al Ghannam,7795,Saudi Arabia,Forward,https://www.fotmob.com/en-GB/players/1024928/khalid-al-ghannam,Saudi_Arabia_Squad.json
940778,Khoziakbar Alidzhanov,8700,Uzbekistan,Defender,https://www.fotmob.com/en-GB/players/940778/khoziakbar-alidzhanov,Uzbekistan_Squad.json
940010,Khuliso Mudau,6316,South Africa,Defender,https://www.fotmob.com/en-GB/players/940010/khuliso-mudau,South_Africa_Squad.json
1680696,Khulumani Ndamane,6316,South Africa,Defender,https://www.fotmob.com/en-GB/players/1680696/khulumani-ndamane,South_Africa_Squad.json
582499,Kieran Tierney,8498,Scotland,Defender,https://www.fotmob.com/en-GB/players/582499/kieran-tierney,Scotland_Squad.json
622980,Kim Jin-Gyu,7804,South Korea,Midfielder,https://www.fotmob.com/en-GB/players/622980/jin-gyu-kim,South_Korea_Squad.json
828273,Kim Moon-Hwan,7804,South Korea,Defender,https://www.fotmob.com/en-GB/players/828273/moon-hwan-kim,South_Korea_Squad.json
620917,Ko Itakura,6715,Japan,Defender,https://www.fotmob.com/en-GB/players/620917/ko-itakura,Japan_Squad.json
1292810,Kobbie Mainoo,8491,England,Midfielder,https://www.fotmob.com/en-GB/players/1292810/kobbie-mainoo,England_Squad.json
1429607,Kojo Peprah Oppong,6714,Ghana,Defender,https://www.fotmob.com/en-GB/players/1429607/kojo-peprah-oppong,Ghana_Squad.json
727837,Koki Ogawa,6715,Japan,Forward,https://www.fotmob.com/en-GB/players/727837/koki-ogawa,Japan_Squad.json
1200630,Koni De Winter,8263,Belgium,Defender,https://www.fotmob.com/en-GB/players/1200630/koni-de-winter,Belgium_Squad.json
526827,Konrad Laimer,8255,Austria,Defender,https://www.fotmob.com/en-GB/players/526827/konrad-laimer,Austria_Squad.json
96488,Kosta Barbarouses,5820,New Zealand,Forward,https://www.fotmob.com/en-GB/players/96488/kosta-barbarouses,New_Zealand_Squad.json
1016132,Kouadio Koné,6723,France,Midfielder,https://www.fotmob.com/en-GB/players/1016132/kouadio-kone,France_Squad.json
921921,Kristian Thorstvedt,8492,Norway,Midfielder,https://www.fotmob.com/en-GB/players/921921/kristian-thorstvedt,Norway_Squad.json
643448,Kristijan Jakic,10155,Croatia,Midfielder,https://www.fotmob.com/en-GB/players/643448/kristijan-jakic,Croatia_Squad.json
552718,Kristoffer Ajer,8492,Norway,Defender,https://www.fotmob.com/en-GB/players/552718/kristoffer-ajer,Norway_Squad.json
837061,Krépin Diatta,6395,Senegal,Defender,https://www.fotmob.com/en-GB/players/837061/krepin-diatta,Senegal_Squad.json
948745,Kwasi Sibo,6714,Ghana,Midfielder,https://www.fotmob.com/en-GB/players/948745/kwasi-sibo,Ghana_Squad.json
701154,Kylian Mbappé,6723,France,Forward,https://www.fotmob.com/en-GB/players/701154/kylian-mbappe,France_Squad.json
1565865,Lachlan Bayliss,5820,New Zealand,Midfielder,https://www.fotmob.com/en-GB/players/1565865/lachlan-bayliss,New_Zealand_Squad.json
798029,Ladislav Krejcí,8496,Czechia,Defender,https://www.fotmob.com/en-GB/players/798029/ladislav-krejci,Czechia_Squad.json
1436305,Lamine Camara,6395,Senegal,Midfielder,https://www.fotmob.com/en-GB/players/1436305/lamine-camara,Senegal_Squad.json
1467236,Lamine Yamal,6720,Spain,Forward,https://www.fotmob.com/en-GB/players/1467236/lamine-yamal,Spain_Squad.json
665167,Laros Duarte,5888,Cape Verde,Midfielder,https://www.fotmob.com/en-GB/players/665167/laros-duarte,Cape_Verde_Squad.json
690230,Lautaro Martínez,6706,Argentina,Forward,https://www.fotmob.com/en-GB/players/690230/lautaro-martinez,Argentina_Squad.json
317544,Lawrence Shankland,8498,Scotland,Forward,https://www.fotmob.com/en-GB/players/317544/lawrence-shankland,Scotland_Squad.json
183500,Leandro Bacuna,287981,Curacao,Midfielder,https://www.fotmob.com/en-GB/players/183500/leandro-bacuna,Curacao_Squad.json
237606,Leandro Paredes,6706,Argentina,Midfielder,https://www.fotmob.com/en-GB/players/237606/leandro-paredes,Argentina_Squad.json
318615,Leandro Trossard,8263,Belgium,Forward,https://www.fotmob.com/en-GB/players/318615/leandro-trossard,Belgium_Squad.json
954131,Lee Dong-Gyeong,7804,South Korea,Forward,https://www.fotmob.com/en-GB/players/954131/dong-gyeong-lee,South_Korea_Squad.json
1232264,Lee Gi-Hyuk,7804,South Korea,Defender,https://www.fotmob.com/en-GB/players/1232264/gi-hyuk-lee,South_Korea_Squad.json
1242314,Lenny Joseph,5934,Haiti,Forward,https://www.fotmob.com/en-GB/players/1242314/lenny-joseph,Haiti_Squad.json
740944,Leo Østigard,8492,Norway,Defender,https://www.fotmob.com/en-GB/players/740944/leo-ostigard,Norway_Squad.json
343748,Leon Goretzka,8570,Germany,Midfielder,https://www.fotmob.com/en-GB/players/343748/leon-goretzka,Germany_Squad.json
958464,Leonardo Balerdi,6706,Argentina,Defender,https://www.fotmob.com/en-GB/players/958464/leonardo-balerdi,Argentina_Squad.json
530859,Leroy Sané,8570,Germany,Forward,https://www.fotmob.com/en-GB/players/530859/leroy-sane,Germany_Squad.json
899318,Leverton Pierre,5934,Haiti,Midfielder,https://www.fotmob.com/en-GB/players/899318/leverton-pierre,Haiti_Squad.json
888921,Lewis Ferguson,8498,Scotland,Midfielder,https://www.fotmob.com/en-GB/players/888921/lewis-ferguson,Scotland_Squad.json
932308,Liam Millar,5810,Canada,Forward,https://www.fotmob.com/en-GB/players/932308/liam-millar,Canada_Squad.json
919671,Liberato Cacace,5820,New Zealand,Defender,https://www.fotmob.com/en-GB/players/919671/liberato-cacace,New_Zealand_Squad.json
30981,Lionel Messi,6706,Argentina,Forward,https://www.fotmob.com/en-GB/players/30981/lionel-messi,Argentina_Squad.json
847983,Lisandro Martínez,6706,Argentina,Defender,https://www.fotmob.com/en-GB/players/847983/lisandro-martinez,Argentina_Squad.json
1243246,Livano Comenencia,287981,Curacao,Defender,https://www.fotmob.com/en-GB/players/1243246/livano-comenencia,Curacao_Squad.json
922877,Logan Costa,5888,Cape Verde,Defender,https://www.fotmob.com/en-GB/players/922877/logan-costa,Cape_Verde_Squad.json
1399943,Luc De Fougerolles,5810,Canada,Defender,https://www.fotmob.com/en-GB/players/1399943/luc-de-fougerolles,Canada_Squad.json
1270002,Luca Jaquez,6717,Switzerland,Defender,https://www.fotmob.com/en-GB/players/1270002/luca-jaquez,Switzerland_Squad.json
1386775,Lucas Bergvall,8520,Sweden,Midfielder,https://www.fotmob.com/en-GB/players/1386775/lucas-bergvall,Sweden_Squad.json
823206,Lucas Blondel,6717,Switzerland,Forward,https://www.fotmob.com/en-GB/players/823206/lucas-blondel,Switzerland_Squad.json
210111,Lucas Digne,6723,France,Defender,https://www.fotmob.com/en-GB/players/210111/lucas-digne,France_Squad.json
504606,Lucas Hernández,6723,France,Defender,https://www.fotmob.com/en-GB/players/504606/lucas-hernandez,France_Squad.json
1686118,Lucas Herrington,6716,Australia,Defender,https://www.fotmob.com/en-GB/players/1686118/lucas-herrington,Australia_Squad.json
149583,Lucas Mendes,5902,Qatar,Defender,https://www.fotmob.com/en-GB/players/149583/lucas-mendes,Qatar_Squad.json
766435,Lucas Paquetá,8256,Brazil,Midfielder,https://www.fotmob.com/en-GB/players/766435/lucas-paqueta,Brazil_Squad.json
527616,Luis Chávez,6710,Mexico,Midfielder,https://www.fotmob.com/en-GB/players/527616/luis-chavez,Mexico_Squad.json
860914,Luis Díaz,8258,Colombia,Forward,https://www.fotmob.com/en-GB/players/860914/luis-diaz,Colombia_Squad.json
921174,Luis Romo,6710,Mexico,Defender,https://www.fotmob.com/en-GB/players/921174/luis-romo,Mexico_Squad.json
792303,Luis Suárez,8258,Colombia,Forward,https://www.fotmob.com/en-GB/players/792303/luis-suarez,Colombia_Squad.json
1176214,Luiz Henrique,8256,Brazil,Forward,https://www.fotmob.com/en-GB/players/1176214/luiz-henrique,Brazil_Squad.json
31097,Luka Modric,10155,Croatia,Midfielder,https://www.fotmob.com/en-GB/players/31097/luka-modric,Croatia_Squad.json
959597,Luka Sucic,10155,Croatia,Midfielder,https://www.fotmob.com/en-GB/players/959597/luka-sucic,Croatia_Squad.json
1413996,Luka Vuskovic,10155,Croatia,Defender,https://www.fotmob.com/en-GB/players/1413996/luka-vuskovic,Croatia_Squad.json
1151313,Lukás Cerv,8496,Czechia,Midfielder,https://www.fotmob.com/en-GB/players/1151313/lukas-cerv,Czechia_Squad.json
791682,Lukás Provod,8496,Czechia,Midfielder,https://www.fotmob.com/en-GB/players/791682/lukas-provod,Czechia_Squad.json
881640,Lutsharel Geertruida,6708,Netherlands,Defender,https://www.fotmob.com/en-GB/players/881640/lutsharel-geertruida,manual_wc2026_callup
881500,Lyle Foster,6316,South Africa,Forward,https://www.fotmob.com/en-GB/players/881500/lyle-foster,South_Africa_Squad.json
768635,Lyndon Dykes,8498,Scotland,Forward,https://www.fotmob.com/en-GB/players/768635/lyndon-dykes,Scotland_Squad.json
523801,Léo Pereira,8256,Brazil,Defender,https://www.fotmob.com/en-GB/players/523801/leo-pereira,Brazil_Squad.json
1305618,Maghnes Akliouche,6723,France,Forward,https://www.fotmob.com/en-GB/players/1305618/maghnes-akliouche,France_Squad.json
674520,Mahmoud Al Mardi,5816,Jordan,Forward,https://www.fotmob.com/en-GB/players/674520/mahmoud-al-mardi,Jordan_Squad.json
1291391,Mahmoud Saber,10255,Egypt,Midfielder,https://www.fotmob.com/en-GB/players/1291391/mahmoud-saber,Egypt_Squad.json
1451265,Malick Diouf,6395,Senegal,Defender,https://www.fotmob.com/en-GB/players/1451265/malick-diouf,Senegal_Squad.json
1137407,Malick Thiaw,8570,Germany,Defender,https://www.fotmob.com/en-GB/players/1137407/malick-thiaw,Germany_Squad.json
1126058,Malik Tillman,6713,USA,Midfielder,https://www.fotmob.com/en-GB/players/1126058/malik-tillman,USA_Squad.json
1197250,Malo Gusto,6723,France,Defender,https://www.fotmob.com/en-GB/players/1197250/malo-gusto,France_Squad.json
1426170,Mamadou Sarr,6395,Senegal,Defender,https://www.fotmob.com/en-GB/players/1426170/mamadou-sarr,Senegal_Squad.json
1333336,Manaf Younis,5819,Iraq,Defender,https://www.fotmob.com/en-GB/players/1333336/munaf-younus,Iraq_Squad.json
521318,Manuel Akanji,6717,Switzerland,Defender,https://www.fotmob.com/en-GB/players/521318/manuel-akanji,Switzerland_Squad.json
1035614,Manuel Ugarte,5796,Uruguay,Midfielder,https://www.fotmob.com/en-GB/players/1035614/manuel-ugarte,Uruguay_Squad.json
873289,Marc Cucurella,6720,Spain,Defender,https://www.fotmob.com/en-GB/players/873289/marc-cucurella,Spain_Squad.json
844425,Marc Guéhi,8491,England,Defender,https://www.fotmob.com/en-GB/players/844425/marc-guehi,England_Squad.json
1323897,Marc Pubill,6720,Spain,Defender,https://www.fotmob.com/en-GB/players/1323897/marc-pubill,Spain_Squad.json
215151,Marcel Sabitzer,8255,Austria,Midfielder,https://www.fotmob.com/en-GB/players/215151/marcel-sabitzer,Austria_Squad.json
1186513,Marcelo Flores,5810,Canada,Forward,https://www.fotmob.com/en-GB/players/1186513/marcelo-flores,Canada_Squad.json
767789,Marco Friedl,8255,Austria,Defender,https://www.fotmob.com/en-GB/players/767789/marco-friedl,Austria_Squad.json
1199714,Marco Pasalic,10155,Croatia,Midfielder,https://www.fotmob.com/en-GB/players/1199714/marco-pasalic,Croatia_Squad.json
602563,Marcos Llorente,6720,Spain,Defender,https://www.fotmob.com/en-GB/players/602563/marcos-llorente,Spain_Squad.json
935622,Marcus Holmgren Pedersen,8492,Norway,Midfielder,https://www.fotmob.com/en-GB/players/935622/marcus-holmgren-pedersen,Norway_Squad.json
696365,Marcus Rashford,8491,England,Forward,https://www.fotmob.com/en-GB/players/696365/marcus-rashford,England_Squad.json
621562,Marcus Thuram,6723,France,Forward,https://www.fotmob.com/en-GB/players/621562/marcus-thuram,France_Squad.json
831474,Marin Pongracic,10155,Croatia,Defender,https://www.fotmob.com/en-GB/players/831474/marin-pongracic,Croatia_Squad.json
446266,Mario Pasalic,10155,Croatia,Midfielder,https://www.fotmob.com/en-GB/players/446266/mario-pasalic,Croatia_Squad.json
924485,Mark McKenzie,6713,USA,Defender,https://www.fotmob.com/en-GB/players/924485/mark-mckenzie,USA_Squad.json
110148,Marko Arnautovic,8255,Austria,Forward,https://www.fotmob.com/en-GB/players/110148/marko-arnautovic,Austria_Squad.json
1162514,Marko Lawk Farji,5819,Iraq,Forward,https://www.fotmob.com/en-GB/players/1162514/marko-farji,Iraq_Squad.json
1209597,Marko Stamenic,5820,New Zealand,Midfielder,https://www.fotmob.com/en-GB/players/1209597/marko-stamenic,New_Zealand_Squad.json
267365,Marquinhos,8256,Brazil,Defender,https://www.fotmob.com/en-GB/players/267365/marquinhos,Brazil_Squad.json
198559,Marten de Roon,6708,Netherlands,Midfielder,https://www.fotmob.com/en-GB/players/198559/marten-de-roon,Netherlands_Squad.json
1215064,Martin Baturina,10155,Croatia,Forward,https://www.fotmob.com/en-GB/players/1215064/martin-baturina,Croatia_Squad.json
616170,Martin Erlic,10155,Croatia,Defender,https://www.fotmob.com/en-GB/players/616170/martin-erlic,Croatia_Squad.json
1181438,Martin Expérience,5934,Haiti,Defender,https://www.fotmob.com/en-GB/players/1181438/martin-experience,Haiti_Squad.json
534670,Martin Ødegaard,8492,Norway,Midfielder,https://www.fotmob.com/en-GB/players/534670/martin-odegaard,Norway_Squad.json
1031325,Martín Zubimendi,6720,Spain,Midfielder,https://www.fotmob.com/en-GB/players/1031325/martin-zubimendi,Spain_Squad.json
1201760,Marvin Senaya,6714,Ghana,Defender,https://www.fotmob.com/en-GB/players/1201760/marvin-senaya,Ghana_Squad.json
1418549,Marwan Ateya,10255,Egypt,Midfielder,https://www.fotmob.com/en-GB/players/1418549/marwan-attia,Egypt_Squad.json
614912,Marwane Saadane,6262,Morocco,Defender,https://www.fotmob.com/en-GB/players/614912/marwane-saadane,manual_wc2026_callup
1432212,Mateo Chávez,6710,Mexico,Defender,https://www.fotmob.com/en-GB/players/1432212/mateo-chavez,Mexico_Squad.json
239219,Mateo Kovacic,10155,Croatia,Midfielder,https://www.fotmob.com/en-GB/players/239219/mateo-kovacic,Croatia_Squad.json
863098,Matheus Cunha,8256,Brazil,Forward,https://www.fotmob.com/en-GB/players/863098/matheus-cunha,Brazil_Squad.json
955529,Matheus Nunes,8361,Portugal,Defender,https://www.fotmob.com/en-GB/players/955529/matheus-nunes,Portugal_Squad.json
185014,Mathew Leckie,6716,Australia,Midfielder,https://www.fotmob.com/en-GB/players/185014/matthew-leckie,Australia_Squad.json
943428,Mathieu Choinière,5810,Canada,Midfielder,https://www.fotmob.com/en-GB/players/943428/mathieu-choiniere,Canada_Squad.json
729093,Mathías Olivera,5796,Uruguay,Defender,https://www.fotmob.com/en-GB/players/729093/mathias-olivera,Uruguay_Squad.json
1444231,Matias Fernandez-Pardo,8263,Belgium,Forward,https://www.fotmob.com/en-GB/players/1444231/matias-fernandez-pardo,Belgium_Squad.json
970243,Mats Wieffer,6708,Netherlands,Defender,https://www.fotmob.com/en-GB/players/970243/mats-wieffer,Netherlands_Squad.json
1108605,Matthew Garbett,5820,New Zealand,Midfielder,https://www.fotmob.com/en-GB/players/1108605/matthew-garbett,New_Zealand_Squad.json
647900,Mattias Svanberg,8520,Sweden,Midfielder,https://www.fotmob.com/en-GB/players/647900/mattias-svanberg,Sweden_Squad.json
1241957,Matías Galarza,6724,Paraguay,Midfielder,https://www.fotmob.com/en-GB/players/1241957/matias-galarza,Paraguay_Squad.json
840184,Matías Viña,5796,Uruguay,Defender,https://www.fotmob.com/en-GB/players/840184/matias-vina,Uruguay_Squad.json
1059490,Mauricio Magalhães Prado,6724,Paraguay,Midfielder,https://www.fotmob.com/en-GB/players/1059490/mauricio,Paraguay_Squad.json
1348329,Max Arfsten,6713,USA,Defender,https://www.fotmob.com/en-GB/players/1348329/max-arfsten,USA_Squad.json
950485,Maxence Lacroix,6723,France,Defender,https://www.fotmob.com/en-GB/players/950485/maxence-lacroix,France_Squad.json
1031656,Maxi Araújo,5796,Uruguay,Defender,https://www.fotmob.com/en-GB/players/1031656/maxi-araujo,Uruguay_Squad.json
1134871,Maxim De Cuyper,8263,Belgium,Defender,https://www.fotmob.com/en-GB/players/1134871/maxim-de-cuyper,Belgium_Squad.json
1047667,Maximilian Beier,8570,Germany,Midfielder,https://www.fotmob.com/en-GB/players/1047667/maximilian-beier,Germany_Squad.json
1719066,Mbekezeli Mbokazi,6316,South Africa,Defender,https://www.fotmob.com/en-GB/players/1719066/mbekezeli-mbokazi,South_Africa_Squad.json
848314,Mehdi Ghayedi,6711,Iran,Forward,https://www.fotmob.com/en-GB/players/848314/mehdi-ghayedi,Iran_Squad.json
619506,Mehdi Taremi,6711,Iran,Forward,https://www.fotmob.com/en-GB/players/619506/mehdi-taremi,Iran_Squad.json
621519,Mehdi Torabi,6711,Iran,Midfielder,https://www.fotmob.com/en-GB/players/621519/mehdi-torabi,Iran_Squad.json
303824,Memphis Depay,6708,Netherlands,Forward,https://www.fotmob.com/en-GB/players/303824/memphis-depay,Netherlands_Squad.json
1199113,Merchas Doski,5819,Iraq,Defender,https://www.fotmob.com/en-GB/players/1199113/merchas-doski,Iraq_Squad.json
823078,Merih Demiral,6595,Turkiye,Defender,https://www.fotmob.com/en-GB/players/823078/merih-demiral,Turkiye_Squad.json
904098,Mert Müldür,6595,Turkiye,Defender,https://www.fotmob.com/en-GB/players/904098/mert-muldur,Turkiye_Squad.json
694060,Meschack Elia,6321,DR Congo,Forward,https://www.fotmob.com/en-GB/players/694060/meschack-elia,DR_Congo_Squad.json
90006710,Mexico Keepers,6710,Mexico,Goalkeeper,https://www.fotmob.com/en-GB/teams/6710/squad/mexico,Mexico_Squad.json
128949,Michael Boxall,5820,New Zealand,Defender,https://www.fotmob.com/en-GB/players/128949/michael-boxall,New_Zealand_Squad.json
198316,Michael Gregoritsch,8255,Austria,Forward,https://www.fotmob.com/en-GB/players/198316/michael-gregoritsch,Austria_Squad.json
1029063,Michael Olise,6723,France,Forward,https://www.fotmob.com/en-GB/players/1029063/michael-olise,France_Squad.json
951921,Michael Svoboda,8255,Austria,Defender,https://www.fotmob.com/en-GB/players/951921/michael-svoboda,Austria_Squad.json
806551,Michal Sadílek,8496,Czechia,Midfielder,https://www.fotmob.com/en-GB/players/806551/michal-sadilek,Czechia_Squad.json
792756,Michel Aebischer,6717,Switzerland,Midfielder,https://www.fotmob.com/en-GB/players/792756/michel-aebischer,Switzerland_Squad.json
1097466,Micky van de Ven,6708,Netherlands,Defender,https://www.fotmob.com/en-GB/players/1097466/micky-van-de-ven,Netherlands_Squad.json
442277,Miguel Almirón,6724,Paraguay,Forward,https://www.fotmob.com/en-GB/players/442277/miguel-almiron,Paraguay_Squad.json
574645,Mikel Merino,6720,Spain,Midfielder,https://www.fotmob.com/en-GB/players/574645/mikel-merino,Spain_Squad.json
678234,Mikel Oyarzabal,6720,Spain,Forward,https://www.fotmob.com/en-GB/players/678234/mikel-oyarzabal,Spain_Squad.json
630459,Milad Mohammadi,6711,Iran,Defender,https://www.fotmob.com/en-GB/players/630459/milad-mohammadi,Iran_Squad.json
825623,Miles Robinson,6713,USA,Defender,https://www.fotmob.com/en-GB/players/825623/miles-robinson,USA_Squad.json
416124,Milos Degenek,6716,Australia,Defender,https://www.fotmob.com/en-GB/players/416124/milos-degenek,Australia_Squad.json
828159,Min-Jae Kim,7804,South Korea,Defender,https://www.fotmob.com/en-GB/players/828159/min-jae-kim,South_Korea_Squad.json
759817,Miro Muheim,6717,Switzerland,Midfielder,https://www.fotmob.com/en-GB/players/759817/miro-muheim,manual_wc2026_callup
1179331,Mohamed Abdelmonem,10255,Egypt,Defender,https://www.fotmob.com/en-GB/players/1179331/mohamed-abdelmonem,Egypt_Squad.json
1134206,Mohamed Amoura,6317,Algeria,Forward,https://www.fotmob.com/en-GB/players/1134206/mohammed-amoura,Algeria_Squad.json
660213,Mohamed Hany,10255,Egypt,Defender,https://www.fotmob.com/en-GB/players/660213/mohamed-hany,Egypt_Squad.json
866373,Mohamed Kanno,7795,Saudi Arabia,Midfielder,https://www.fotmob.com/en-GB/players/866373/mohamed-kanno,Saudi_Arabia_Squad.json
292462,Mohamed Salah,10255,Egypt,Forward,https://www.fotmob.com/en-GB/players/292462/mohamed-salah,Egypt_Squad.json
1131925,Mohamed Tougai,6317,Algeria,Defender,https://www.fotmob.com/en-GB/players/1131925/mohamed-amine-tougai,Algeria_Squad.json
1132069,Mohamed Touré,6716,Australia,Forward,https://www.fotmob.com/en-GB/players/1132069/mohamed-toure,Australia_Squad.json
1033300,Mohammad Abu Al Nadi,5816,Jordan,Defender,https://www.fotmob.com/en-GB/players/1033300/mohammad-abu-al-nadi,Jordan_Squad.json
1553870,Mohammad Al Mannai,5902,Qatar,Midfielder,https://www.fotmob.com/en-GB/players/1553870/mohammad-al-mannai,Qatar_Squad.json
600844,Mohammad Al-Daoud,5816,Jordan,Midfielder,https://www.fotmob.com/en-GB/players/600844/mohammad-al-daoud,Jordan_Squad.json
1420509,Mohammad Ghorbani,6711,Iran,Midfielder,https://www.fotmob.com/en-GB/players/1420509/mohammad-ghorbani,Iran_Squad.json
1350517,Mohammad Hasheesh,5816,Jordan,Midfielder,https://www.fotmob.com/en-GB/players/1350517/mohammad-abu-hasheesh,Jordan_Squad.json
1073012,Mohammad Mohebi,6711,Iran,Forward,https://www.fotmob.com/en-GB/players/1073012/mohammad-mohebi,Iran_Squad.json
1543647,Mohammed Abu Al Shamat,7795,Saudi Arabia,Defender,https://www.fotmob.com/en-GB/players/1543647/mohammed-abu-al-shamat,Saudi_Arabia_Squad.json
431151,Mohammed Muntari,5902,Qatar,Forward,https://www.fotmob.com/en-GB/players/431151/mohammed-muntari,Qatar_Squad.json
926484,Mohanad Ali,5819,Iraq,Forward,https://www.fotmob.com/en-GB/players/926484/mohanad-ali,Iraq_Squad.json
906944,Mohanad Lasheen,10255,Egypt,Midfielder,https://www.fotmob.com/en-GB/players/906944/mohanad-lasheen,Egypt_Squad.json
1247001,Mohannad Abu Taha,5816,Jordan,Midfielder,https://www.fotmob.com/en-GB/players/1247001/mohannad-abu-taha,Jordan_Squad.json
1137668,Moisés Caicedo,6707,Ecuador,Midfielder,https://www.fotmob.com/en-GB/players/1137668/moises-caicedo,Ecuador_Squad.json
988769,Mojmír Chytil,8496,Czechia,Forward,https://www.fotmob.com/en-GB/players/988769/mojmir-chytil,Czechia_Squad.json
846392,Montassar Talbi,6719,Tunisia,Defender,https://www.fotmob.com/en-GB/players/846392/montassar-talbi,Tunisia_Squad.json
883080,Morgan Rogers,8491,England,Midfielder,https://www.fotmob.com/en-GB/players/883080/morgan-rogers,England_Squad.json
90006262,Morocco Keepers,6262,Morocco,Goalkeeper,https://www.fotmob.com/en-GB/teams/6262/squad/morocco,Morocco_Squad.json
712132,Mortadha Ben Ouanes,6719,Tunisia,Forward,https://www.fotmob.com/en-GB/players/712132/mortadha-ben-ouanes,Tunisia_Squad.json
439148,Morten Thorsby,8492,Norway,Midfielder,https://www.fotmob.com/en-GB/players/439148/morten-thorsby,Norway_Squad.json
1426403,Mostafa Ziko,10255,Egypt,Forward,https://www.fotmob.com/en-GB/players/1426403/mostafa-zico,Egypt_Squad.json
1138003,Moteb Al-Harbi,7795,Saudi Arabia,Defender,https://www.fotmob.com/en-GB/players/1138003/moteb-al-harbi,Saudi_Arabia_Squad.json
813055,Mousa Tamari,5816,Jordan,Midfielder,https://www.fotmob.com/en-GB/players/813055/mousa-al-tamari,Jordan_Squad.json
592102,Moussa Niakhaté,6395,Senegal,Defender,https://www.fotmob.com/en-GB/players/592102/moussa-niakhate,Senegal_Squad.json
1413151,Moutaz Neffati,6719,Tunisia,Defender,https://www.fotmob.com/en-GB/players/1413151/moutaz-neffati,Tunisia_Squad.json
1440009,Moïse Bombito,5810,Canada,Defender,https://www.fotmob.com/en-GB/players/1440009/moise-bombito,Canada_Squad.json
1235341,Musab Al-Juwayr,7795,Saudi Arabia,Midfielder,https://www.fotmob.com/en-GB/players/1235341/musab-al-juwayr,Saudi_Arabia_Squad.json
1554123,Mustafa Saadoun,5819,Iraq,Defender,https://www.fotmob.com/en-GB/players/1554123/mustafa-saadoon,Iraq_Squad.json
319300,N'Golo Kanté,6723,France,Midfielder,https://www.fotmob.com/en-GB/players/319300/ngolo-kante,France_Squad.json
500520,Nabil Bentaleb,6317,Algeria,Midfielder,https://www.fotmob.com/en-GB/players/500520/nabil-bentaleb,Algeria_Squad.json
1001335,Nabil Dunga,10255,Egypt,Midfielder,https://www.fotmob.com/en-GB/players/1001335/nabil-emad-dunga,Egypt_Squad.json
614449,Nadiem Amiri,8570,Germany,Midfielder,https://www.fotmob.com/en-GB/players/614449/nadiem-amiri,Germany_Squad.json
1210929,Nadir Benbouali,6317,Algeria,Forward,https://www.fotmob.com/en-GB/players/1210929/nadhir-benbouali,Algeria_Squad.json
726345,Nahuel Molina,6706,Argentina,Defender,https://www.fotmob.com/en-GB/players/726345/nahuel-molina,Argentina_Squad.json
1053731,Nando Pijnaker,5820,New Zealand,Defender,https://www.fotmob.com/en-GB/players/1053731/nando-pijnaker,New_Zealand_Squad.json
848612,Nasser Al-Dawsari,7795,Saudi Arabia,Midfielder,https://www.fotmob.com/en-GB/players/848612/nasser-al-dawsari,Saudi_Arabia_Squad.json
417068,Nathan Aké,6708,Netherlands,Defender,https://www.fotmob.com/en-GB/players/417068/nathan-ake,Netherlands_Squad.json
1252070,Nathan Ngoy,8263,Belgium,Defender,https://www.fotmob.com/en-GB/players/1252070/nathan-ngoy,Belgium_Squad.json
1112684,Nathan Patterson,8498,Scotland,Defender,https://www.fotmob.com/en-GB/players/1112684/nathan-patterson,Scotland_Squad.json
1216798,Nathan Saliba,5810,Canada,Midfielder,https://www.fotmob.com/en-GB/players/1216798/nathan-saliba,Canada_Squad.json
1049799,Nathanaël Mbuku,6321,DR Congo,Forward,https://www.fotmob.com/en-GB/players/1049799/nathanael-mbuku,DR_Congo_Squad.json
1395447,Nathaniel Brown,8570,Germany,Defender,https://www.fotmob.com/en-GB/players/1395447/nathaniel-brown,Germany_Squad.json
1401228,Nawaf Al-Boushail,7795,Saudi Arabia,Defender,https://www.fotmob.com/en-GB/players/1401228/nawaf-bu-washl,Saudi_Arabia_Squad.json
617310,Nayef Aguerd,6262,Morocco,Defender,https://www.fotmob.com/en-GB/players/617310/nayef-aguerd,Morocco_Squad.json
1274060,Neil El Aynaoui,6262,Morocco,Midfielder,https://www.fotmob.com/en-GB/players/1274060/neil-el-aynaoui,Morocco_Squad.json
1327214,Nestory Irankunda,6716,Australia,Midfielder,https://www.fotmob.com/en-GB/players/1327214/nestory-irankunda,Australia_Squad.json
90006708,Netherlands Keepers,6708,Netherlands,Goalkeeper,https://www.fotmob.com/en-GB/teams/6708/squad/netherlands,Netherlands_Squad.json
90005820,New Zealand Keepers,5820,New Zealand,Goalkeeper,https://www.fotmob.com/en-GB/teams/5820/squad/new-zealand,New_Zealand_Squad.json
19533,Neymar,8256,Brazil,Midfielder,https://www.fotmob.com/en-GB/players/19533/neymar,Brazil_Squad.json
1428153,Ngal Ayel Mukau,6321,DR Congo,Forward,https://www.fotmob.com/en-GB/players/1428153/ngal-ayel-mukau,DR_Congo_Squad.json
1106563,Nick Woltemade,8570,Germany,Forward,https://www.fotmob.com/en-GB/players/1106563/nick-woltemade,Germany_Squad.json
517346,Nico Elvedi,6717,Switzerland,Defender,https://www.fotmob.com/en-GB/players/517346/nico-elvedi,Switzerland_Squad.json
1300526,Nico O'Reilly,8491,England,Defender,https://www.fotmob.com/en-GB/players/1300526/nico-oreilly,England_Squad.json
1347574,Nico Paz,6706,Argentina,Midfielder,https://www.fotmob.com/en-GB/players/1347574/nico-paz,Argentina_Squad.json
1002058,Nico Schlotterbeck,8570,Germany,Defender,https://www.fotmob.com/en-GB/players/1002058/nico-schlotterbeck,Germany_Squad.json
1202110,Nico Williams,6720,Spain,Forward,https://www.fotmob.com/en-GB/players/1202110/nico-williams,Spain_Squad.json
1197347,Nicolas Jackson,6395,Senegal,Forward,https://www.fotmob.com/en-GB/players/1197347/nicolas-jackson,Senegal_Squad.json
575735,Nicolas Pépé,6709,Ivory Coast,Midfielder,https://www.fotmob.com/en-GB/players/575735/nicolas-pepe,Ivory_Coast_Squad.json
863869,Nicolas Raskin,8263,Belgium,Midfielder,https://www.fotmob.com/en-GB/players/863869/nicolas-raskin,Belgium_Squad.json
1024672,Nicolas Seiwald,8255,Austria,Midfielder,https://www.fotmob.com/en-GB/players/1024672/nicolas-seiwald,Austria_Squad.json
751198,Nicolás de la Cruz,5796,Uruguay,Midfielder,https://www.fotmob.com/en-GB/players/751198/nicolas-de-la-cruz,Uruguay_Squad.json
841672,Nicolás González,6706,Argentina,Midfielder,https://www.fotmob.com/en-GB/players/841672/nicolas-gonzalez,Argentina_Squad.json
174321,Nicolás Otamendi,6706,Argentina,Defender,https://www.fotmob.com/en-GB/players/174321/nicolas-otamendi,Argentina_Squad.json
195750,Nicolás Tagliafico,6706,Argentina,Defender,https://www.fotmob.com/en-GB/players/195750/nicolas-tagliafico,Argentina_Squad.json
1657810,Nidal Celik,10106,Bosnia and Herzegovina,Defender,https://www.fotmob.com/en-GB/players/1657810/nidal-celik,Bosnia_and_Herzegovina_Squad.json
857436,Nihad Mujakic,10106,Bosnia and Herzegovina,Defender,https://www.fotmob.com/en-GB/players/857436/nihad-mujakic,Bosnia_and_Herzegovina_Squad.json
1494508,Niko Sigur,5810,Canada,Defender,https://www.fotmob.com/en-GB/players/1494508/niko-sigur,Canada_Squad.json
725655,Nikola Katic,10106,Bosnia and Herzegovina,Defender,https://www.fotmob.com/en-GB/players/725655/nikola-katic,Bosnia_and_Herzegovina_Squad.json
641595,Nikola Moro,10155,Croatia,Midfielder,https://www.fotmob.com/en-GB/players/641595/nikola-moro,Croatia_Squad.json
557677,Nikola Vlasic,10155,Croatia,Midfielder,https://www.fotmob.com/en-GB/players/557677/nikola-vlasic,Croatia_Squad.json
1287010,Nilson Angulo,6707,Ecuador,Forward,https://www.fotmob.com/en-GB/players/1287010/nilson-angulo,Ecuador_Squad.json
1250885,Nishan Velupillay,6716,Australia,Forward,https://www.fotmob.com/en-GB/players/1250885/nishan-velupillay,Australia_Squad.json
1195369,Nizar Al Rashdan,5816,Jordan,Midfielder,https://www.fotmob.com/en-GB/players/1195369/nizar-al-rashdan,Jordan_Squad.json
716819,Nkosinathi Sibisi,6316,South Africa,Defender,https://www.fotmob.com/en-GB/players/716819/nkosinathi-sibisi,South_Africa_Squad.json
837341,Noa Lang,6708,Netherlands,Forward,https://www.fotmob.com/en-GB/players/837341/noa-lang,Netherlands_Squad.json
915797,Noah Okafor,6717,Switzerland,Forward,https://www.fotmob.com/en-GB/players/915797/noah-okafor,Switzerland_Squad.json
1359649,Noah Sadiki,6321,DR Congo,Midfielder,https://www.fotmob.com/en-GB/players/1359649/noah-sadiki,DR_Congo_Squad.json
1084981,Noni Madueke,8491,England,Forward,https://www.fotmob.com/en-GB/players/1084981/noni-madueke,England_Squad.json
1036253,Noor Al Rawabdeh,5816,Jordan,Midfielder,https://www.fotmob.com/en-GB/players/1036253/noor-al-rawabdeh,Jordan_Squad.json
90008492,Norway Keepers,8492,Norway,Goalkeeper,https://www.fotmob.com/en-GB/teams/8492/squad/norway,Norway_Squad.json
775539,Noussair Mazraoui,6262,Morocco,Defender,https://www.fotmob.com/en-GB/players/775539/noussair-mazraoui,Morocco_Squad.json
671326,Nuno da Costa,5888,Cape Verde,Forward,https://www.fotmob.com/en-GB/players/671326/nuno-da-costa,Cape_Verde_Squad.json
1158945,Nuno Mendes,8361,Portugal,Defender,https://www.fotmob.com/en-GB/players/1158945/nuno-mendes,Portugal_Squad.json
470834,Nélson Semedo,8361,Portugal,Defender,https://www.fotmob.com/en-GB/players/470834/nelson-semedo,Portugal_Squad.json
1254394,Obed Vargas,6710,Mexico,Midfielder,https://www.fotmob.com/en-GB/players/1254394/obed-vargas,Mexico_Squad.json
1823348,Odeh Al-Fakhouri,5816,Jordan,Midfielder,https://www.fotmob.com/en-GB/players/1823348/odeh-fakhoury,Jordan_Squad.json
619697,Odiljon Khamrobekov,8700,Uzbekistan,Midfielder,https://www.fotmob.com/en-GB/players/619697/odildzhon-khamrobekov,Uzbekistan_Squad.json
1014496,Odilon Kossounou,6709,Ivory Coast,Defender,https://www.fotmob.com/en-GB/players/1014496/odilon-kossounou,Ivory_Coast_Squad.json
1092015,Oguz Aydin,6595,Turkiye,Forward,https://www.fotmob.com/en-GB/players/1092015/oguz-aydin,Turkiye_Squad.json
1447452,Olivier Pierre,5934,Haiti,Midfielder,https://www.fotmob.com/en-GB/players/1447452/olivier-pierre,Haiti_Squad.json
540088,Ollie Watkins,8491,England,Forward,https://www.fotmob.com/en-GB/players/540088/ollie-watkins,England_Squad.json
1469826,Olwethu Makhanya,6316,South Africa,Defender,https://www.fotmob.com/en-GB/players/1469826/olwethu-makhanya,South_Africa_Squad.json
751998,Omar Alderete,6724,Paraguay,Defender,https://www.fotmob.com/en-GB/players/751998/omar-alderete,Paraguay_Squad.json
839204,Omar Marmoush,10255,Egypt,Forward,https://www.fotmob.com/en-GB/players/839204/omar-marmoush,Egypt_Squad.json
1160097,Omar Rekik,6719,Tunisia,Defender,https://www.fotmob.com/en-GB/players/1160097/omar-rekik,Tunisia_Squad.json
559986,Orbelín Pineda,6710,Mexico,Midfielder,https://www.fotmob.com/en-GB/players/559986/orbelin-pineda,Mexico_Squad.json
935409,Orkun Kökcü,6595,Turkiye,Midfielder,https://www.fotmob.com/en-GB/players/935409/orkun-kokcu,Turkiye_Squad.json
1113790,Oscar Bobb,8492,Norway,Forward,https://www.fotmob.com/en-GB/players/1113790/oscar-bobb,Norway_Squad.json
1057486,Oston Urunov,8700,Uzbekistan,Midfielder,https://www.fotmob.com/en-GB/players/1057486/oston-urunov,Uzbekistan_Squad.json
1054166,Oswin Appollis,6316,South Africa,Forward,https://www.fotmob.com/en-GB/players/1054166/oswin-appollis,South_Africa_Squad.json
624405,Otabek Shukurov,8700,Uzbekistan,Midfielder,https://www.fotmob.com/en-GB/players/624405/otabek-shukurov,Uzbekistan_Squad.json
1328540,Oumar Diakité,6709,Ivory Coast,Forward,https://www.fotmob.com/en-GB/players/1328540/oumar-diakite,Ivory_Coast_Squad.json
692984,Ousmane Dembélé,6723,France,Forward,https://www.fotmob.com/en-GB/players/692984/ousmane-dembele,France_Squad.json
1425182,Ousmane Diomande,6709,Ivory Coast,Defender,https://www.fotmob.com/en-GB/players/1425182/ousmane-diomande,Ivory_Coast_Squad.json
845990,Ozan Kabak,6595,Turkiye,Defender,https://www.fotmob.com/en-GB/players/845990/ozan-kabak,Turkiye_Squad.json
90005922,Panama Keepers,5922,Panama,Goalkeeper,https://www.fotmob.com/en-GB/teams/5922/squad/panama,Panama_Squad.json
844544,Pape Gueye,6395,Senegal,Midfielder,https://www.fotmob.com/en-GB/players/844544/pape-gueye,Senegal_Squad.json
1107280,Pape Sarr,6395,Senegal,Midfielder,https://www.fotmob.com/en-GB/players/1107280/pape-sarr,Senegal_Squad.json
90006724,Paraguay Keepers,6724,Paraguay,Goalkeeper,https://www.fotmob.com/en-GB/teams/6724/squad/paraguay,Paraguay_Squad.json
1186770,Parfait Guiagon,6709,Ivory Coast,Forward,https://www.fotmob.com/en-GB/players/1186770/parfait-guiagon,Ivory_Coast_Squad.json
167008,Pascal Groß,8570,Germany,Midfielder,https://www.fotmob.com/en-GB/players/167008/pascal-gross,Germany_Squad.json
872396,Pathé Ciss,6395,Senegal,Defender,https://www.fotmob.com/en-GB/players/872396/pathe-ciss,Senegal_Squad.json
530635,Patrick Berg,8492,Norway,Midfielder,https://www.fotmob.com/en-GB/players/530635/patrick-berg,Norway_Squad.json
1073498,Patrick Wimmer,8255,Austria,Forward,https://www.fotmob.com/en-GB/players/1073498/patrick-wimmer,Austria_Squad.json
540097,Patrik Schick,8496,Czechia,Forward,https://www.fotmob.com/en-GB/players/540097/patrik-schick,Czechia_Squad.json
1532137,Pau Cubarsí,6720,Spain,Defender,https://www.fotmob.com/en-GB/players/1532137/pau-cubarsi,Spain_Squad.json
1527363,Paul Okon-Engstler,6716,Australia,Midfielder,https://www.fotmob.com/en-GB/players/1527363/paul-okon-engstler,Australia_Squad.json
1327149,Paul Wanner,8255,Austria,Midfielder,https://www.fotmob.com/en-GB/players/1327149/paul-wanner,Austria_Squad.json
1037539,Pavel Sulc,8496,Czechia,Midfielder,https://www.fotmob.com/en-GB/players/1037539/pavel-sulc,Czechia_Squad.json
1083323,Pedri,6720,Spain,Midfielder,https://www.fotmob.com/en-GB/players/1083323/pedri,Spain_Squad.json
734637,Pedro Miguel,5902,Qatar,Defender,https://www.fotmob.com/en-GB/players/734637/pedro-miguel,Qatar_Squad.json
843040,Pedro Neto,8361,Portugal,Forward,https://www.fotmob.com/en-GB/players/843040/pedro-neto,Portugal_Squad.json
941573,Pedro Porro,6720,Spain,Defender,https://www.fotmob.com/en-GB/players/941573/pedro-porro,Spain_Squad.json
1108611,Pedro Vite,6707,Ecuador,Midfielder,https://www.fotmob.com/en-GB/players/1108611/pedro-vite,Ecuador_Squad.json
688278,Pervis Estupinán,6707,Ecuador,Midfielder,https://www.fotmob.com/en-GB/players/688278/pervis-estupinan,Ecuador_Squad.json
709796,Petar Musa,10155,Croatia,Forward,https://www.fotmob.com/en-GB/players/709796/petar-musa,Croatia_Squad.json
1382000,Petar Sucic,10155,Croatia,Midfielder,https://www.fotmob.com/en-GB/players/1382000/petar-sucic,Croatia_Squad.json
643724,Philipp Lienhart,8255,Austria,Defender,https://www.fotmob.com/en-GB/players/643724/philipp-lienhart,Austria_Squad.json
423812,Phillipp Mwene,8255,Austria,Midfielder,https://www.fotmob.com/en-GB/players/423812/phillipp-mwene,Austria_Squad.json
1137667,Piero Hincapié,6707,Ecuador,Defender,https://www.fotmob.com/en-GB/players/1137667/piero-hincapie,Ecuador_Squad.json
90008361,Portugal Keepers,8361,Portugal,Goalkeeper,https://www.fotmob.com/en-GB/teams/8361/squad/portugal,Portugal_Squad.json
1220633,Prince Adu,6714,Ghana,Forward,https://www.fotmob.com/en-GB/players/1220633/prince-adu,Ghana_Squad.json
1252132,Promise David,5810,Canada,Forward,https://www.fotmob.com/en-GB/players/1252132/promise-david,Canada_Squad.json
90005902,Qatar Keepers,5902,Qatar,Goalkeeper,https://www.fotmob.com/en-GB/teams/5902/squad/qatar,Qatar_Squad.json
970563,Quinten Timber,6708,Netherlands,Midfielder,https://www.fotmob.com/en-GB/players/970563/quinten-timber,Netherlands_Squad.json
848844,Rafael Leão,8361,Portugal,Forward,https://www.fotmob.com/en-GB/players/848844/rafael-leao,Portugal_Squad.json
1231029,Rafik Belghali,6317,Algeria,Midfielder,https://www.fotmob.com/en-GB/players/1231029/rafik-belghali,Algeria_Squad.json
546203,Rajaei Ayed,5816,Jordan,Midfielder,https://www.fotmob.com/en-GB/players/546203/rajaei-ayed,Jordan_Squad.json
1082109,Ralph Priso,5810,Canada,Defender,https://www.fotmob.com/en-GB/players/1082109/ralph-priso-mbongue,Canada_Squad.json
505959,Ramin Rezaeian,6711,Iran,Defender,https://www.fotmob.com/en-GB/players/505959/ramin-rezaeian,Iran_Squad.json
1074967,Ramiz Zerrouki,6317,Algeria,Midfielder,https://www.fotmob.com/en-GB/players/1074967/ramiz-zerrouki,Algeria_Squad.json
559065,Ramy Bensebaini,6317,Algeria,Defender,https://www.fotmob.com/en-GB/players/559065/ramy-bensebaini,Algeria_Squad.json
505872,Ramy Rabia,10255,Egypt,Defender,https://www.fotmob.com/en-GB/players/505872/ramy-rabia,Egypt_Squad.json
1132960,Ramón Sosa,6724,Paraguay,Forward,https://www.fotmob.com/en-GB/players/1132960/ramon-sosa,Paraguay_Squad.json
304348,Rani Khedira,6719,Tunisia,Midfielder,https://www.fotmob.com/en-GB/players/304348/rani-khedira,Tunisia_Squad.json
696679,Raphinha,8256,Brazil,Forward,https://www.fotmob.com/en-GB/players/696679/raphinha,Brazil_Squad.json
292313,Raul Jiménez,6710,Mexico,Forward,https://www.fotmob.com/en-GB/players/292313/raul-jimenez,Mexico_Squad.json
1478295,Rayan,8256,Brazil,Forward,https://www.fotmob.com/en-GB/players/1478295/rayan,Brazil_Squad.json
933845,Rayan Aït-Nouri,6317,Algeria,Defender,https://www.fotmob.com/en-GB/players/933845/rayan-ait-nouri,Algeria_Squad.json
1104053,Rayan Cherki,6723,France,Midfielder,https://www.fotmob.com/en-GB/players/1104053/rayan-cherki,France_Squad.json
1685596,Rayan Elloumi,6719,Tunisia,Forward,https://www.fotmob.com/en-GB/players/1685596/rayan-elloumi,Tunisia_Squad.json
502481,Rebin Sulaka,5819,Iraq,Defender,https://www.fotmob.com/en-GB/players/502481/rebin-sulaka,Iraq_Squad.json
1298186,Redouane Halhal,6262,Morocco,Defender,https://www.fotmob.com/en-GB/players/1298186/redouane-halhal,Morocco_Squad.json
807729,Reece James,8491,England,Defender,https://www.fotmob.com/en-GB/players/807729/reece-james,England_Squad.json
1471333,Relebohile Mofokeng,6316,South Africa,Forward,https://www.fotmob.com/en-GB/players/1471333/relebohile-mofokeng,South_Africa_Squad.json
201704,Remo Freuler,6717,Switzerland,Midfielder,https://www.fotmob.com/en-GB/players/201704/remo-freuler,Switzerland_Squad.json
1343750,Renato Veiga,8361,Portugal,Defender,https://www.fotmob.com/en-GB/players/1343750/renato-veiga,Portugal_Squad.json
532700,Ricardo Adé,5934,Haiti,Defender,https://www.fotmob.com/en-GB/players/532700/ricardo-ade,Haiti_Squad.json
1036401,Ricardo Pepi,6713,USA,Forward,https://www.fotmob.com/en-GB/players/1036401/ricardo-pepi,USA_Squad.json
115591,Ricardo Rodríguez,6717,Switzerland,Defender,https://www.fotmob.com/en-GB/players/115591/ricardo-rodriguez,Switzerland_Squad.json
1174630,Richard Ríos,8258,Colombia,Midfielder,https://www.fotmob.com/en-GB/players/1174630/richard-rios,Colombia_Squad.json
729506,Richie Laryea,5810,Canada,Defender,https://www.fotmob.com/en-GB/players/729506/richie-laryea,Canada_Squad.json
467479,Riechedly Bazoer,287981,Curacao,Defender,https://www.fotmob.com/en-GB/players/467479/riechedly-bazoer,Curacao_Squad.json
629805,Ritsu Doan,6715,Japan,Forward,https://www.fotmob.com/en-GB/players/629805/ritsu-doan,Japan_Squad.json
278343,Riyad Mahrez,6317,Algeria,Forward,https://www.fotmob.com/en-GB/players/278343/riyad-mahrez,Algeria_Squad.json
720737,Roberto Alvarado,6710,Mexico,Midfielder,https://www.fotmob.com/en-GB/players/720737/roberto-alvarado,Mexico_Squad.json
230134,Roberto Lopes,5888,Cape Verde,Defender,https://www.fotmob.com/en-GB/players/230134/roberto-lopes,Cape_Verde_Squad.json
1225995,Robin Hranác,8496,Czechia,Defender,https://www.fotmob.com/en-GB/players/1225995/robin-hranac,Czechia_Squad.json
501847,Roderick Miller,5922,Panama,Defender,https://www.fotmob.com/en-GB/players/501847/roderick-miller,Panama_Squad.json
675088,Rodri,6720,Spain,Midfielder,https://www.fotmob.com/en-GB/players/675088/rodri,Spain_Squad.json
401095,Rodrigo Aguirre,5796,Uruguay,Forward,https://www.fotmob.com/en-GB/players/401095/rodrigo-aguirre,Uruguay_Squad.json
620618,Rodrigo Bentancur,5796,Uruguay,Midfielder,https://www.fotmob.com/en-GB/players/620618/rodrigo-bentancur,Uruguay_Squad.json
324578,Rodrigo De Paul,6706,Argentina,Midfielder,https://www.fotmob.com/en-GB/players/324578/rodrigo-de-paul,Argentina_Squad.json
1070776,Rodrigo Zalazar,5796,Uruguay,Forward,https://www.fotmob.com/en-GB/players/1070776/rodrigo-zalazar,Uruguay_Squad.json
749488,Romano Schmid,8255,Austria,Midfielder,https://www.fotmob.com/en-GB/players/749488/romano-schmid,Austria_Squad.json
181276,Romelu Lukaku,8263,Belgium,Forward,https://www.fotmob.com/en-GB/players/181276/romelu-lukaku,Belgium_Squad.json
921253,Ronald Araujo,5796,Uruguay,Defender,https://www.fotmob.com/en-GB/players/921253/ronald-araujo,Uruguay_Squad.json
505385,Roozbeh Cheshmi,6711,Iran,Midfielder,https://www.fotmob.com/en-GB/players/505385/roozbeh-cheshmi,Iran_Squad.json
924844,Roshon van Eijma,287981,Curacao,Defender,https://www.fotmob.com/en-GB/players/924844/roshon-van-eijma,Curacao_Squad.json
776159,Ross Stewart,8498,Scotland,Forward,https://www.fotmob.com/en-GB/players/776159/ross-stewart,Scotland_Squad.json
1200016,Ruben Providence,5934,Haiti,Forward,https://www.fotmob.com/en-GB/players/1200016/ruben-providence,Haiti_Squad.json
860752,Rubén Vargas,6717,Switzerland,Forward,https://www.fotmob.com/en-GB/players/860752/ruben-vargas,Switzerland_Squad.json
643624,Rustam Ashurmatov,8700,Uzbekistan,Defender,https://www.fotmob.com/en-GB/players/643624/rustamjon-ashurmatov,Uzbekistan_Squad.json
439369,Ryan Christie,8498,Scotland,Midfielder,https://www.fotmob.com/en-GB/players/439369/ryan-christie,Scotland_Squad.json
956683,Ryan Gravenberch,6708,Netherlands,Midfielder,https://www.fotmob.com/en-GB/players/956683/ryan-gravenberch,Netherlands_Squad.json
172615,Ryan Mendes,5888,Cape Verde,Forward,https://www.fotmob.com/en-GB/players/172615/ryan-mendes,Cape_Verde_Squad.json
496356,Ryan Thomas,5820,New Zealand,Midfielder,https://www.fotmob.com/en-GB/players/496356/ryan-thomas,New_Zealand_Squad.json
614006,Rúben Dias,8361,Portugal,Defender,https://www.fotmob.com/en-GB/players/614006/ruben-dias,Portugal_Squad.json
534684,Rúben Neves,8361,Portugal,Midfielder,https://www.fotmob.com/en-GB/players/534684/ruben-neves,Portugal_Squad.json
303339,Sadio Mané,6395,Senegal,Midfielder,https://www.fotmob.com/en-GB/players/303339/sadio-mane,Senegal_Squad.json
1179369,Saed Al-Rosan,5816,Jordan,Defender,https://www.fotmob.com/en-GB/players/1179369/saed-al-rosan,Jordan_Squad.json
505281,Saeid Ezatolahi,6711,Iran,Midfielder,https://www.fotmob.com/en-GB/players/505281/saeid-ezatolahi,Iran_Squad.json
847766,Saleem Obaid,5816,Jordan,Defender,https://www.fotmob.com/en-GB/players/847766/saleem-obaid,Jordan_Squad.json
384407,Saleh Al-Shehri,7795,Saudi Arabia,Forward,https://www.fotmob.com/en-GB/players/384407/saleh-al-shehri,Saudi_Arabia_Squad.json
1221526,Saleh Hardani,6711,Iran,Defender,https://www.fotmob.com/en-GB/players/1221526/saleh-hardani,Iran_Squad.json
307753,Salem Al-Dawsari,7795,Saudi Arabia,Forward,https://www.fotmob.com/en-GB/players/307753/salem-al-dawsari,Saudi_Arabia_Squad.json
738064,Salih Özcan,6595,Turkiye,Midfielder,https://www.fotmob.com/en-GB/players/738064/salih-ozcan,Turkiye_Squad.json
532220,Saman Ghoddos,6711,Iran,Midfielder,https://www.fotmob.com/en-GB/players/532220/saman-ghoddos,Iran_Squad.json
1284492,Samed Bazdar,10106,Bosnia and Herzegovina,Forward,https://www.fotmob.com/en-GB/players/1284492/samed-bazdar,Bosnia_and_Herzegovina_Squad.json
424380,Samet Akaydin,6595,Turkiye,Defender,https://www.fotmob.com/en-GB/players/424380/samet-akaydin,Turkiye_Squad.json
1039219,Samir Chergui,6317,Algeria,Defender,https://www.fotmob.com/en-GB/players/1039219/samir-chergui,Algeria_Squad.json
1598170,Samir El Mourabet,6262,Morocco,Midfielder,https://www.fotmob.com/en-GB/players/1598170/samir-el-mourabet,Morocco_Squad.json
866108,Samuel Moutoussamy,6321,DR Congo,Midfielder,https://www.fotmob.com/en-GB/players/866108/samuel-moutoussamy,DR_Congo_Squad.json
1680659,Samukelo Kabini,6316,South Africa,Defender,https://www.fotmob.com/en-GB/players/1680659/samukele-kabini,South_Africa_Squad.json
1130583,Samú,8361,Portugal,Midfielder,https://www.fotmob.com/en-GB/players/1130583/samu,Portugal_Squad.json
540963,Sander Berge,8492,Norway,Midfielder,https://www.fotmob.com/en-GB/players/540963/sander-berge,Norway_Squad.json
207642,Santiago Arias,8258,Colombia,Defender,https://www.fotmob.com/en-GB/players/207642/santiago-arias,Colombia_Squad.json
848034,Santiago Bueno,5796,Uruguay,Defender,https://www.fotmob.com/en-GB/players/848034/santiago-bueno,Uruguay_Squad.json
954092,Santiago Giménez,6710,Mexico,Forward,https://www.fotmob.com/en-GB/players/954092/santiago-gimenez,Mexico_Squad.json
724531,Sarpreet Singh,5820,New Zealand,Midfielder,https://www.fotmob.com/en-GB/players/724531/sarpreet-singh,New_Zealand_Squad.json
858198,Sasa Kalajdzic,8255,Austria,Forward,https://www.fotmob.com/en-GB/players/858198/sasa-kalajdzic,Austria_Squad.json
1002617,Saud Abdulhamid,7795,Saudi Arabia,Defender,https://www.fotmob.com/en-GB/players/1002617/saud-abdulhamid,Saudi_Arabia_Squad.json
90007795,Saudi Arabia Keepers,7795,Saudi Arabia,Goalkeeper,https://www.fotmob.com/en-GB/teams/7795/squad/saudi-arabia,Saudi_Arabia_Squad.json
90008498,Scotland Keepers,8498,Scotland,Goalkeeper,https://www.fotmob.com/en-GB/teams/8498/squad/scotland,Scotland_Squad.json
551805,Scott McKenna,8498,Scotland,Defender,https://www.fotmob.com/en-GB/players/551805/scott-mckenna,Scotland_Squad.json
843099,Scott McTominay,8498,Scotland,Midfielder,https://www.fotmob.com/en-GB/players/843099/scott-mctominay,Scotland_Squad.json
304345,Sead Kolasinac,10106,Bosnia and Herzegovina,Defender,https://www.fotmob.com/en-GB/players/304345/sead-kolasinac,Bosnia_and_Herzegovina_Squad.json
1136096,Sebastian Berhalter,6713,USA,Midfielder,https://www.fotmob.com/en-GB/players/1136096/sebastian-berhalter,USA_Squad.json
921919,Sebastian Tounekti,6719,Tunisia,Forward,https://www.fotmob.com/en-GB/players/921919/sebastian-tounekti,Tunisia_Squad.json
1020026,Sebastián Cáceres,5796,Uruguay,Defender,https://www.fotmob.com/en-GB/players/1020026/sebastian-caceres,Uruguay_Squad.json
602211,Seko Fofana,6709,Ivory Coast,Midfielder,https://www.fotmob.com/en-GB/players/602211/seko-fofana,Ivory_Coast_Squad.json
90006395,Senegal Keepers,6395,Senegal,Goalkeeper,https://www.fotmob.com/en-GB/teams/6395/squad/senegal,Senegal_Squad.json
1132818,Seol Young-Woo,7804,South Korea,Defender,https://www.fotmob.com/en-GB/players/1132818/young-woo-seol,South_Korea_Squad.json
892816,Sergiño Dest,6713,USA,Defender,https://www.fotmob.com/en-GB/players/892816/sergino-dest,USA_Squad.json
848102,Seung-Ho Paik,7804,South Korea,Midfielder,https://www.fotmob.com/en-GB/players/848102/seung-ho-paik,South_Korea_Squad.json
641121,Shahriyar Moghanloo,6711,Iran,Forward,https://www.fotmob.com/en-GB/players/641121/shahriar-moghanlou,Iran_Squad.json
1059129,Shararh,5816,Jordan,Forward,https://www.fotmob.com/en-GB/players/1059129/mohammad-abu-zraiq,Jordan_Squad.json
671327,Sherel Floranus,287981,Curacao,Defender,https://www.fotmob.com/en-GB/players/671327/sherel-floranus,Curacao_Squad.json
1477517,Sherzod Esanov,8700,Uzbekistan,Midfielder,https://www.fotmob.com/en-GB/players/1477517/sherzod-esanov,Uzbekistan_Squad.json
1258316,Sherzod Nasrulloev,8700,Uzbekistan,Defender,https://www.fotmob.com/en-GB/players/1258316/sherzod-nasrulloev,Uzbekistan_Squad.json
523731,Shogo Taniguchi,6715,Japan,Defender,https://www.fotmob.com/en-GB/players/523731/shogo-taniguchi,Japan_Squad.json
511397,Shoja Khalilzadeh,6711,Iran,Defender,https://www.fotmob.com/en-GB/players/511397/shoja-khalilzadeh,Iran_Squad.json
1125997,Shurandy Sambo,287981,Curacao,Defender,https://www.fotmob.com/en-GB/players/1125997/shurandy-sambo,Curacao_Squad.json
915111,Shuto Machino,6715,Japan,Forward,https://www.fotmob.com/en-GB/players/915111/shuto-machino,manual_wc2026_callup
1441786,Sidny Lopes Cabral,5888,Cape Verde,Midfielder,https://www.fotmob.com/en-GB/players/1441786/sidny-lopes-cabral,Cape_Verde_Squad.json
275034,Silvan Widmer,6717,Switzerland,Midfielder,https://www.fotmob.com/en-GB/players/275034/silvan-widmer,Switzerland_Squad.json
1227012,Simon Adingra,6709,Ivory Coast,Forward,https://www.fotmob.com/en-GB/players/1227012/simon-adingra,Ivory_Coast_Squad.json
696932,Simon Banza,6321,DR Congo,Forward,https://www.fotmob.com/en-GB/players/696932/simon-banza,DR_Congo_Squad.json
593116,Sofyan Amrabat,6262,Morocco,Midfielder,https://www.fotmob.com/en-GB/players/593116/sofyan-amrabat,Morocco_Squad.json
1127585,Sondre Klingen Langås,8492,Norway,Defender,https://www.fotmob.com/en-GB/players/1127585/sondre-klingen-langas,Norway_Squad.json
1050160,Sontje Hansen,287981,Curacao,Forward,https://www.fotmob.com/en-GB/players/1050160/sontje-hansen,Curacao_Squad.json
988749,Soufiane Rahimi,6262,Morocco,Forward,https://www.fotmob.com/en-GB/players/988749/soufiane-rahimi,Morocco_Squad.json
90006316,South Africa Keepers,6316,South Africa,Goalkeeper,https://www.fotmob.com/en-GB/teams/6316/squad/south-africa,South_Africa_Squad.json
90007804,South Korea Keepers,7804,South Korea,Goalkeeper,https://www.fotmob.com/en-GB/teams/7804/squad/south-korea,South_Korea_Squad.json
90006720,Spain Keepers,6720,Spain,Goalkeeper,https://www.fotmob.com/en-GB/teams/6720/squad/spain,Spain_Squad.json
1107735,Sphephelo Sithole,6316,South Africa,Midfielder,https://www.fotmob.com/en-GB/players/1107735/yaya-sithole,South_Africa_Squad.json
557325,Stefan Posch,8255,Austria,Defender,https://www.fotmob.com/en-GB/players/557325/stefan-posch,Austria_Squad.json
816223,Stephen Eustaquio,5810,Canada,Midfielder,https://www.fotmob.com/en-GB/players/816223/stephen-eustaquio,Canada_Squad.json
1288146,Stepán Chaloupek,8496,Czechia,Defender,https://www.fotmob.com/en-GB/players/1288146/stepan-chaloupek,Czechia_Squad.json
1132814,Steve Kapuadi,6321,DR Congo,Defender,https://www.fotmob.com/en-GB/players/1132814/steve-kapuadi,DR_Congo_Squad.json
444000,Steven Moreira,5888,Cape Verde,Defender,https://www.fotmob.com/en-GB/players/444000/steven-moreira,Cape_Verde_Squad.json
653982,Stjepan Radeljic,10106,Bosnia and Herzegovina,Defender,https://www.fotmob.com/en-GB/players/653982/stjepan-radeljic,Bosnia_and_Herzegovina_Squad.json
164062,Stopira,5888,Cape Verde,Defender,https://www.fotmob.com/en-GB/players/164062/stopira,Cape_Verde_Squad.json
644014,Sultan Al Brake,5902,Qatar,Defender,https://www.fotmob.com/en-GB/players/644014/sultan-al-brake,Qatar_Squad.json
619824,Sultan Mandash,7795,Saudi Arabia,Forward,https://www.fotmob.com/en-GB/players/619824/sultan-mandash,Saudi_Arabia_Squad.json
90008520,Sweden Keepers,8520,Sweden,Goalkeeper,https://www.fotmob.com/en-GB/teams/8520/squad/sweden,Sweden_Squad.json
90006717,Switzerland Keepers,6717,Switzerland,Goalkeeper,https://www.fotmob.com/en-GB/teams/6717/squad/switzerland,Switzerland_Squad.json
1053477,Tae-Hyeon Kim,7804,South Korea,Defender,https://www.fotmob.com/en-GB/players/1053477/tae-hyeon-kim,South_Korea_Squad.json
1107251,Tae-Seok Lee,7804,South Korea,Defender,https://www.fotmob.com/en-GB/players/1107251/tae-seok-lee,South_Korea_Squad.json
1135782,Taha Abdi Ali,8520,Sweden,Midfielder,https://www.fotmob.com/en-GB/players/1135782/taha-abdi-ali,Sweden_Squad.json
751066,Tahith Chong,287981,Curacao,Forward,https://www.fotmob.com/en-GB/players/751066/tahith-chong,Curacao_Squad.json
1648351,Tahsin Mohammed,5902,Qatar,Forward,https://www.fotmob.com/en-GB/players/1648351/tahsin-mohammed,Qatar_Squad.json
1026135,Tajon Buchanan,5810,Canada,Midfielder,https://www.fotmob.com/en-GB/players/1026135/tajon-buchanan,Canada_Squad.json
848289,Takefusa Kubo,6715,Japan,Forward,https://www.fotmob.com/en-GB/players/848289/takefusa-kubo,Japan_Squad.json
664444,Takehiro Tomiyasu,6715,Japan,Defender,https://www.fotmob.com/en-GB/players/664444/takehiro-tomiyasu,Japan_Squad.json
1338740,Tani Oluwaseyi,5810,Canada,Forward,https://www.fotmob.com/en-GB/players/1338740/tani-oluwaseyi,Canada_Squad.json
1689101,Tarek Alaa,10255,Egypt,Defender,https://www.fotmob.com/en-GB/players/1689101/tarek-alaa,Egypt_Squad.json
1250485,Tarik Muharemovic,10106,Bosnia and Herzegovina,Defender,https://www.fotmob.com/en-GB/players/1250485/tarik-muharemovic,Bosnia_and_Herzegovina_Squad.json
848361,Teboho Mokoena,6316,South Africa,Midfielder,https://www.fotmob.com/en-GB/players/848361/teboho-mokoena,South_Africa_Squad.json
1165477,Telmo Arcanjo,5888,Cape Verde,Forward,https://www.fotmob.com/en-GB/players/1165477/telmo-arcanjo,Cape_Verde_Squad.json
1220549,Tete Yengi,6716,Australia,Forward,https://www.fotmob.com/en-GB/players/1220549/tete-yengi,Australia_Squad.json
866516,Teun Koopmeiners,6708,Netherlands,Defender,https://www.fotmob.com/en-GB/players/866516/teun-koopmeiners,Netherlands_Squad.json
1579341,Thabang Matuludi,6316,South Africa,Defender,https://www.fotmob.com/en-GB/players/1579341/thabang-matuludi,South_Africa_Squad.json
1124424,Thalente Mbatha,6316,South Africa,Midfielder,https://www.fotmob.com/en-GB/players/1124424/thalente-mbatha,South_Africa_Squad.json
1394951,Thapelo Maseko,6316,South Africa,Forward,https://www.fotmob.com/en-GB/players/1394951/thapelo-maseko,South_Africa_Squad.json
1184468,Thelo Aasgaard,8492,Norway,Midfielder,https://www.fotmob.com/en-GB/players/1184468/thelo-aasgaard,Norway_Squad.json
303609,Themba Zwane,6316,South Africa,Midfielder,https://www.fotmob.com/en-GB/players/303609/themba-zwane,South_Africa_Squad.json
724371,Theo Hernández,6723,France,Defender,https://www.fotmob.com/en-GB/players/724371/theo-hernandez,France_Squad.json
955271,Thiago Almada,6706,Argentina,Midfielder,https://www.fotmob.com/en-GB/players/955271/thiago-almada,Argentina_Squad.json
277771,Thomas Meunier,8263,Belgium,Defender,https://www.fotmob.com/en-GB/players/277771/thomas-meunier,Belgium_Squad.json
434325,Thomas Partey,6714,Ghana,Midfielder,https://www.fotmob.com/en-GB/players/434325/thomas-partey,Ghana_Squad.json
466132,Théo Bongonda,6321,DR Congo,Forward,https://www.fotmob.com/en-GB/players/466132/theo-bongonda,DR_Congo_Squad.json
868344,Tijjani Reijnders,6708,Netherlands,Midfielder,https://www.fotmob.com/en-GB/players/868344/tijjani-reijnders,Netherlands_Squad.json
324305,Tim Payne,5820,New Zealand,Defender,https://www.fotmob.com/en-GB/players/324305/tim-payne,New_Zealand_Squad.json
198444,Tim Ream,6713,USA,Defender,https://www.fotmob.com/en-GB/players/198444/tim-ream,USA_Squad.json
465750,Timothy Castagne,8263,Belgium,Defender,https://www.fotmob.com/en-GB/players/465750/timothy-castagne,Belgium_Squad.json
889536,Timothy Weah,6713,USA,Defender,https://www.fotmob.com/en-GB/players/889536/timothy-weah,USA_Squad.json
115025,Tommy Smith,5820,New Zealand,Defender,https://www.fotmob.com/en-GB/players/115025/tommy-smith,New_Zealand_Squad.json
1187283,Tomás Araújo,8361,Portugal,Defender,https://www.fotmob.com/en-GB/players/1187283/tomas-araujo,Portugal_Squad.json
523217,Tomás Chory,8496,Czechia,Forward,https://www.fotmob.com/en-GB/players/523217/tomas-chory,Czechia_Squad.json
306168,Tomás Holes,8496,Czechia,Defender,https://www.fotmob.com/en-GB/players/306168/tomas-holes,Czechia_Squad.json
1054138,Tomás Rodríguez,5922,Panama,Forward,https://www.fotmob.com/en-GB/players/1054138/tomas-rodriguez,Panama_Squad.json
524437,Tomás Soucek,8496,Czechia,Midfielder,https://www.fotmob.com/en-GB/players/524437/tomas-soucek,Czechia_Squad.json
1300358,Toni Fruk,10155,Croatia,Midfielder,https://www.fotmob.com/en-GB/players/1300358/toni-fruk,Croatia_Squad.json
935550,Torbjørn Heggem,8492,Norway,Defender,https://www.fotmob.com/en-GB/players/935550/torbjorn-heggem,Norway_Squad.json
513492,Trezeguet,10255,Egypt,Forward,https://www.fotmob.com/en-GB/players/513492/trezeguet,Egypt_Squad.json
732282,Trincão,8361,Portugal,Midfielder,https://www.fotmob.com/en-GB/players/732282/trincao,Portugal_Squad.json
1289611,Tshepang Moremi,6316,South Africa,Forward,https://www.fotmob.com/en-GB/players/1289611/tshepang-moremi,South_Africa_Squad.json
1023887,Tsuyoshi Watanabe,6715,Japan,Defender,https://www.fotmob.com/en-GB/players/1023887/tsuyoshi-watanabe,Japan_Squad.json
90006719,Tunisia Keepers,6719,Tunisia,Goalkeeper,https://www.fotmob.com/en-GB/teams/6719/squad/tunisia,Tunisia_Squad.json
90006595,Turkiye Keepers,6595,Turkiye,Goalkeeper,https://www.fotmob.com/en-GB/teams/6595/squad/turkiye,Turkiye_Squad.json
729769,Tyler Adams,6713,USA,Midfielder,https://www.fotmob.com/en-GB/players/729769/tyler-adams,USA_Squad.json
1524716,Tyler Bindon,5820,New Zealand,Defender,https://www.fotmob.com/en-GB/players/1524716/tyler-bindon,New_Zealand_Squad.json
1676985,Tyler Fletcher,8498,Scotland,Midfielder,https://www.fotmob.com/en-GB/players/1676985/tyler-fletcher,Scotland_Squad.json
1439121,Tyrese Noslin,287981,Curacao,Defender,https://www.fotmob.com/en-GB/players/1439121/tyrese-noslin,Curacao_Squad.json
922298,Umar Eshmuradov,8700,Uzbekistan,Defender,https://www.fotmob.com/en-GB/players/922298/umar-eshmuradov,Uzbekistan_Squad.json
90005796,Uruguay Keepers,5796,Uruguay,Goalkeeper,https://www.fotmob.com/en-GB/teams/5796/squad/uruguay,Uruguay_Squad.json
90006713,USA Keepers,6713,USA,Goalkeeper,https://www.fotmob.com/en-GB/teams/6713/squad/usa,USA_Squad.json
90008700,Uzbekistan Keepers,8700,Uzbekistan,Goalkeeper,https://www.fotmob.com/en-GB/teams/8700/squad/uzbekistan,Uzbekistan_Squad.json
1107910,Valentino Livramento,8491,England,Defender,https://www.fotmob.com/en-GB/players/1107910/valentino-livramento,England_Squad.json
1272440,Valentín Barco,6706,Argentina,Midfielder,https://www.fotmob.com/en-GB/players/1272440/valentin-barco,Argentina_Squad.json
258269,Victor Nilsson Lindelöf,8520,Sweden,Defender,https://www.fotmob.com/en-GB/players/258269/victor-nilsson-lindelof,Sweden_Squad.json
664500,Viktor Gyökeres,8520,Sweden,Forward,https://www.fotmob.com/en-GB/players/664500/viktor-gyokeres,Sweden_Squad.json
846033,Vinícius Júnior,8256,Brazil,Forward,https://www.fotmob.com/en-GB/players/846033/vinicius-junior,Brazil_Squad.json
209405,Virgil van Dijk,6708,Netherlands,Defender,https://www.fotmob.com/en-GB/players/209405/virgil-van-dijk,Netherlands_Squad.json
1061249,Vitinha,8361,Portugal,Midfielder,https://www.fotmob.com/en-GB/players/1061249/vitinha,Portugal_Squad.json
307317,Vladimír Coufal,8496,Czechia,Defender,https://www.fotmob.com/en-GB/players/307317/vladimir-coufal,Czechia_Squad.json
196311,Vladimír Darida,8496,Czechia,Midfielder,https://www.fotmob.com/en-GB/players/196311/vladimir-darida,Czechia_Squad.json
1553105,Víctor Muñoz,6720,Spain,Forward,https://www.fotmob.com/en-GB/players/1553105/victor-munoz,Spain_Squad.json
1460591,Wagner Pina,5888,Cape Verde,Defender,https://www.fotmob.com/en-GB/players/1460591/wagner-pina,Cape_Verde_Squad.json
664970,Waldemar Anton,8570,Germany,Defender,https://www.fotmob.com/en-GB/players/664970/waldemar-anton,Germany_Squad.json
1367615,Warren Zaïre-Emery,6723,France,Midfielder,https://www.fotmob.com/en-GB/players/1367615/warren-zaire-emery,France_Squad.json
202643,Wataru Endo,6715,Japan,Midfielder,https://www.fotmob.com/en-GB/players/202643/wataru-endo,Japan_Squad.json
1320176,Wesley,8256,Brazil,Defender,https://www.fotmob.com/en-GB/players/1320176/wesley,Brazil_Squad.json
848266,Weston McKennie,6713,USA,Defender,https://www.fotmob.com/en-GB/players/848266/weston-mckennie,USA_Squad.json
1027472,Wilfried Singo,6709,Ivory Coast,Defender,https://www.fotmob.com/en-GB/players/1027472/wilfried-singo,Ivory_Coast_Squad.json
1394254,Wilguens Paugain,5934,Haiti,Defender,https://www.fotmob.com/en-GB/players/1394254/wilguens-paugain,Haiti_Squad.json
965205,Willer Ditta,8258,Colombia,Defender,https://www.fotmob.com/en-GB/players/965205/willer-ditta,Colombia_Squad.json
955406,William Saliba,6723,France,Defender,https://www.fotmob.com/en-GB/players/955406/william-saliba,France_Squad.json
1137670,Willian Pacho,6707,Ecuador,Defender,https://www.fotmob.com/en-GB/players/1137670/willian-pacho,Ecuador_Squad.json
873832,Willy Semedo,5888,Cape Verde,Forward,https://www.fotmob.com/en-GB/players/873832/willy-semedo,Cape_Verde_Squad.json
887703,Wilson Isidor,5934,Haiti,Forward,https://www.fotmob.com/en-GB/players/887703/wilson-isidor,Haiti_Squad.json
351999,Wout Weghorst,6708,Netherlands,Forward,https://www.fotmob.com/en-GB/players/351999/wout-weghorst,Netherlands_Squad.json
620027,Xaver Schlager,8255,Austria,Midfielder,https://www.fotmob.com/en-GB/players/620027/xaver-schlager,Austria_Squad.json
1288907,Yacine Titraoui,6317,Algeria,Midfielder,https://www.fotmob.com/en-GB/players/1288907/yacine-titraoui,Algeria_Squad.json
1391753,Yaimar Medina,6707,Ecuador,Defender,https://www.fotmob.com/en-GB/players/1391753/yaimar-medina,Ecuador_Squad.json
1735453,Yan Diomande,6709,Ivory Coast,Forward,https://www.fotmob.com/en-GB/players/1735453/yan-diomande,Ivory_Coast_Squad.json
789596,Yan Valery,6719,Tunisia,Defender,https://www.fotmob.com/en-GB/players/789596/yan-valery,Tunisia_Squad.json
1205410,Yannick Semedo,5888,Cape Verde,Midfielder,https://www.fotmob.com/en-GB/players/1205410/yannick-semedo,Cape_Verde_Squad.json
1168311,Yasin Ayari,8520,Sweden,Midfielder,https://www.fotmob.com/en-GB/players/1168311/yasin-ayari,Sweden_Squad.json
533403,Yasser Ibrahim,10255,Egypt,Defender,https://www.fotmob.com/en-GB/players/533403/yasser-ibrahim,Egypt_Squad.json
759569,Yassin Fortuné,5934,Haiti,Forward,https://www.fotmob.com/en-GB/players/759569/yassin-fortune,Haiti_Squad.json
852168,Yazan Al Arab,5816,Jordan,Defender,https://www.fotmob.com/en-GB/players/852168/yazan-al-arab,Jordan_Squad.json
496042,Yerry Mina,8258,Colombia,Defender,https://www.fotmob.com/en-GB/players/496042/yerry-mina,Colombia_Squad.json
666857,Yoane Wissa,6321,DR Congo,Forward,https://www.fotmob.com/en-GB/players/666857/yoane-wissa,DR_Congo_Squad.json
526710,Yoel Bárcenas,5922,Panama,Midfielder,https://www.fotmob.com/en-GB/players/526710/yoel-barcenas,Panama_Squad.json
465960,Youri Tielemans,8263,Belgium,Midfielder,https://www.fotmob.com/en-GB/players/465960/youri-tielemans,Belgium_Squad.json
1235623,Youssef Amyn,5819,Iraq,Midfielder,https://www.fotmob.com/en-GB/players/1235623/youssef-amyn,Iraq_Squad.json
909908,Youssef Belammari,6262,Morocco,Defender,https://www.fotmob.com/en-GB/players/909908/youssef-belammari,Morocco_Squad.json
1134467,Yuito Suzuki,6715,Japan,Midfielder,https://www.fotmob.com/en-GB/players/1134467/yuito-suzuki,Japan_Squad.json
924610,Yukinari Sugawara,6715,Japan,Defender,https://www.fotmob.com/en-GB/players/924610/yukinari-sugawara,Japan_Squad.json
845991,Yunus Akgün,6595,Turkiye,Midfielder,https://www.fotmob.com/en-GB/players/845991/yunus-akgun,Turkiye_Squad.json
1053987,Yusuf Abdurisag,5902,Qatar,Forward,https://www.fotmob.com/en-GB/players/1053987/yusuf-abdurisag,Qatar_Squad.json
98254,Yuto Nagatomo,6715,Japan,Defender,https://www.fotmob.com/en-GB/players/98254/yuto-nagatomo,Japan_Squad.json
1047676,Yéremi Pino,6720,Spain,Midfielder,https://www.fotmob.com/en-GB/players/1047676/yeremi-pino,Spain_Squad.json
1642820,Zaid Ismael,5819,Iraq,Midfielder,https://www.fotmob.com/en-GB/players/1642820/zaid-ismail-al-dulaimi,Iraq_Squad.json
1420369,Zaid Tahseen,5819,Iraq,Defender,https://www.fotmob.com/en-GB/players/1420369/zaid-tahseen,Iraq_Squad.json
1287871,Zakaria El Ouahdi,6262,Morocco,Defender,https://www.fotmob.com/en-GB/players/1287871/zakaria-el-ouahdi,Morocco_Squad.json
1067168,Zeki Amdouni,6717,Switzerland,Forward,https://www.fotmob.com/en-GB/players/1067168/zeki-amdouni,Switzerland_Squad.json
867225,Zeki Çelik,6595,Turkiye,Defender,https://www.fotmob.com/en-GB/players/867225/zeki-celik,Turkiye_Squad.json
1232172,Zeno Debast,8263,Belgium,Defender,https://www.fotmob.com/en-GB/players/1232172/zeno-debast,Belgium_Squad.json
1138592,Zidane Iqbal,5819,Iraq,Midfielder,https://www.fotmob.com/en-GB/players/1138592/zidane-iqbal,Iraq_Squad.json
1118823,Zineddine Belaïd,6317,Algeria,Defender,https://www.fotmob.com/en-GB/players/1118823/zineddine-belaid,Algeria_Squad.json
1174962,Ziyad Aljohani,7795,Saudi Arabia,Midfielder,https://www.fotmob.com/en-GB/players/1174962/ziyad-al-johani,Saudi_Arabia_Squad.json
532766,Zizo,10255,Egypt,Forward,https://www.fotmob.com/en-GB/players/532766/zizo,Egypt_Squad.json
1023070,Zorhan Bassong,5810,Canada,Midfielder,https://www.fotmob.com/en-GB/players/1023070/zorhan-bassong,Canada_Squad.json
1320444,Álex Arce,6724,Paraguay,Forward,https://www.fotmob.com/en-GB/players/1320444/alex-arce,Paraguay_Squad.json
942372,Álex Baena,6720,Spain,Midfielder,https://www.fotmob.com/en-GB/players/942372/alex-baena,Spain_Squad.json
621882,Álex Zendejas,6713,USA,Forward,https://www.fotmob.com/en-GB/players/621882/alex-zendejas,USA_Squad.json
895954,Álvaro Fidalgo,6710,Mexico,Midfielder,https://www.fotmob.com/en-GB/players/895954/alvaro-fidalgo,Mexico_Squad.json
848593,Ángelo Preciado,6707,Ecuador,Midfielder,https://www.fotmob.com/en-GB/players/848593/angelo-preciado,Ecuador_Squad.json
957203,Éderson,8256,Brazil,Midfielder,https://www.fotmob.com/en-GB/players/957203/ederson,manual_wc2026_callup
503710,Éric Davis,5922,Panama,Defender,https://www.fotmob.com/en-GB/players/503710/eric-davis,Panama_Squad.json
971628,Érik Lira,6710,Mexico,Defender,https://www.fotmob.com/en-GB/players/971628/erik-lira,Mexico_Squad.json
